eunis_code,eunis_name,eunis_description,candidate_text,classification_release,classification_source,source_sha256,license
MA221,Atlantic saltmarsh driftlines,"Driftline communities with annual nitrophilous plant species along and inside Atlantic salt marshes, often with a linear structure in the upper zone incidentally or regularly flooded by high tides. Species composition indicates both high nutrient content and saline conditions.","Atlantic saltmarsh driftlines
Driftline communities with annual nitrophilous plant species along and inside Atlantic salt marshes, often with a linear structure in the upper zone incidentally or regularly flooded by high tides. Species composition indicates both high nutrient content and saline conditions.",EUNIS marine habitat classification review v1 (2022),https://doi.org/10.2909/8a5eccda-e6ea-4018-a373-5c76a8eeec78,8d50548ad4e8dc5aa1bbae07282441d9137b78a373ee46c43cfbbd5fb0e9322a,CC-BY-4.0
MA222,Atlantic upper saltmarshes,"Upper zone of Atlantic salt marshes, with fluctuating salinity and often influenced by freshwater seepage from surrounding dunes. This specific setting is reflected by species ranging from obligate halophytes to brackish and freshwater and dry dune indicators. Stands are often small and ephemeral, often embedded in wet grassland or dry dune habitat. They may be relatively species-rich, with many annuals.","Atlantic upper saltmarshes
Upper zone of Atlantic salt marshes, with fluctuating salinity and often influenced by freshwater seepage from surrounding dunes. This specific setting is reflected by species ranging from obligate halophytes to brackish and freshwater and dry dune indicators. Stands are often small and ephemeral, often embedded in wet grassland or dry dune habitat. They may be relatively species-rich, with many annuals.",EUNIS marine habitat classification review v1 (2022),https://doi.org/10.2909/8a5eccda-e6ea-4018-a373-5c76a8eeec78,8d50548ad4e8dc5aa1bbae07282441d9137b78a373ee46c43cfbbd5fb0e9322a,CC-BY-4.0
MA223,"Atlantic upper-mid saltmarshes and saline and brackish reed, rush and sedge beds","Middle zone of Atlantic salt marshes with closed swards of graminoids, herbs and low shrubs on sandy or clayey flats. The communities are regularly but not daily flooded by seawater. Helophytes may dominate in areas with freshwater influence. The communities are grazed or occur in unmanaged situations.","Atlantic upper-mid saltmarshes and saline and brackish reed, rush and sedge beds
Middle zone of Atlantic salt marshes with closed swards of graminoids, herbs and low shrubs on sandy or clayey flats. The communities are regularly but not daily flooded by seawater. Helophytes may dominate in areas with freshwater influence. The communities are grazed or occur in unmanaged situations.",EUNIS marine habitat classification review v1 (2022),https://doi.org/10.2909/8a5eccda-e6ea-4018-a373-5c76a8eeec78,8d50548ad4e8dc5aa1bbae07282441d9137b78a373ee46c43cfbbd5fb0e9322a,CC-BY-4.0
MA224,Atlantic mid-low saltmarshes,"Low zone of Atlantic salt marshes with open to closed swards of halophytic graminoids, herbs and low shrubs on sandy or clayey flats. The communities are regularly flooded (100-200 days/year) by seawater. In the southern part of the distribution range, perennial glassworts may dominate, indicating transitions toward Mediterranean salt marshes.","Atlantic mid-low saltmarshes
Low zone of Atlantic salt marshes with open to closed swards of halophytic graminoids, herbs and low shrubs on sandy or clayey flats. The communities are regularly flooded (100-200 days/year) by seawater. In the southern part of the distribution range, perennial glassworts may dominate, indicating transitions toward Mediterranean salt marshes.",EUNIS marine habitat classification review v1 (2022),https://doi.org/10.2909/8a5eccda-e6ea-4018-a373-5c76a8eeec78,8d50548ad4e8dc5aa1bbae07282441d9137b78a373ee46c43cfbbd5fb0e9322a,CC-BY-4.0
MA225,Atlantic pioneer saltmarshes,Pioneer zone of Atlantic salt marshes with open vegetation dominated by annual chenopodioids and grasses (Spartina). Stands are daily (twice) flooded by seawater and relatively species-poor. Dominating species are obligate halophytes and may occupy both sandy and clayey sites.,"Atlantic pioneer saltmarshes
Pioneer zone of Atlantic salt marshes with open vegetation dominated by annual chenopodioids and grasses (Spartina). Stands are daily (twice) flooded by seawater and relatively species-poor. Dominating species are obligate halophytes and may occupy both sandy and clayey sites.",EUNIS marine habitat classification review v1 (2022),https://doi.org/10.2909/8a5eccda-e6ea-4018-a373-5c76a8eeec78,8d50548ad4e8dc5aa1bbae07282441d9137b78a373ee46c43cfbbd5fb0e9322a,CC-BY-4.0
MA232,Baltic coastal meadow,"Baltic coastal meadows, mostly with short vegetation in the geolittoral zone (above the mean high tide). Salinity is low (brackish water), and tidal ranges are small. Most of the areas were traditionally used for mowing or grazing. Abandonment of traditional management leads to the dominance of reed beds. Although the tidal range is small, the vegetation occurs in distinct zones, with saline vegetation closest to the sea.","Baltic coastal meadow
Baltic coastal meadows, mostly with short vegetation in the geolittoral zone (above the mean high tide). Salinity is low (brackish water), and tidal ranges are small. Most of the areas were traditionally used for mowing or grazing. Abandonment of traditional management leads to the dominance of reed beds. Although the tidal range is small, the vegetation occurs in distinct zones, with saline vegetation closest to the sea.",EUNIS marine habitat classification review v1 (2022),https://doi.org/10.2909/8a5eccda-e6ea-4018-a373-5c76a8eeec78,8d50548ad4e8dc5aa1bbae07282441d9137b78a373ee46c43cfbbd5fb0e9322a,CC-BY-4.0
MA251,Mediterranean upper saltmarshes,"Open communities of the upper fringe of Mediterranean salt marshes, dominated by annual species, often under the influence of salt spray. The vegetation often occupies small but relatively species-rich patches. Many species are vernal, ending their life cycle before summer, and many are also found outside the coastal region.","Mediterranean upper saltmarshes
Open communities of the upper fringe of Mediterranean salt marshes, dominated by annual species, often under the influence of salt spray. The vegetation often occupies small but relatively species-rich patches. Many species are vernal, ending their life cycle before summer, and many are also found outside the coastal region.",EUNIS marine habitat classification review v1 (2022),https://doi.org/10.2909/8a5eccda-e6ea-4018-a373-5c76a8eeec78,8d50548ad4e8dc5aa1bbae07282441d9137b78a373ee46c43cfbbd5fb0e9322a,CC-BY-4.0
MA252,"Mediterranean upper-mid saltmarshes and saline and brackish reed, rush and sedge beds","Open to closed rush communities on the high zone of Mediterranean salt marshes, where flooding frequency (by seawater) is low. The vegetation generally occupies small belts and patches, in line with the limited tidal range of the Mediterranean Sea. Inbetween the rushes, a range of halophytic grasses, herbs and low shrubs may be found.","Mediterranean upper-mid saltmarshes and saline and brackish reed, rush and sedge beds
Open to closed rush communities on the high zone of Mediterranean salt marshes, where flooding frequency (by seawater) is low. The vegetation generally occupies small belts and patches, in line with the limited tidal range of the Mediterranean Sea. Inbetween the rushes, a range of halophytic grasses, herbs and low shrubs may be found.",EUNIS marine habitat classification review v1 (2022),https://doi.org/10.2909/8a5eccda-e6ea-4018-a373-5c76a8eeec78,8d50548ad4e8dc5aa1bbae07282441d9137b78a373ee46c43cfbbd5fb0e9322a,CC-BY-4.0
MA253,Mediterranean mid-low saltmarshes,"Open to closed halophytic communities of the lower tidal zone of Mediterranean salt marshes. Perennial chenopodioids dominate the species-poor vegetation. Different species of sea lavender form a characteristic element, some of which have a small distribution range. In the lowest parts, annual glassworts (Salicornia) and grasses (Spartina) are frequent.","Mediterranean mid-low saltmarshes
Open to closed halophytic communities of the lower tidal zone of Mediterranean salt marshes. Perennial chenopodioids dominate the species-poor vegetation. Different species of sea lavender form a characteristic element, some of which have a small distribution range. In the lowest parts, annual glassworts (Salicornia) and grasses (Spartina) are frequent.",EUNIS marine habitat classification review v1 (2022),https://doi.org/10.2909/8a5eccda-e6ea-4018-a373-5c76a8eeec78,8d50548ad4e8dc5aa1bbae07282441d9137b78a373ee46c43cfbbd5fb0e9322a,CC-BY-4.0
N11,"Atlantic, Baltic and Arctic sand beach","Atlantic, Baltic and Arctic sandy beach is a linear habitat, occurring on sandy shores of the Atlantic and Arctic Oceans and the North and Baltic Seas. It is mainly an unvegetated habitat with low species diversity. Annual plants, often halophytes are the typical plant species, appearing temporarily on strandline sediments. On less dynamic beaches, as around the Baltic, perennials including some brackish and freshwater marsh plants are characteristic. Volcanic sediments can provide a distinctive character around Icelandic shores. Distinctive invertebrates characterise beaches and their driftlines, providing food for some wading birds.","Atlantic, Baltic and Arctic sand beach
Atlantic, Baltic and Arctic sandy beach is a linear habitat, occurring on sandy shores of the Atlantic and Arctic Oceans and the North and Baltic Seas. It is mainly an unvegetated habitat with low species diversity. Annual plants, often halophytes are the typical plant species, appearing temporarily on strandline sediments. On less dynamic beaches, as around the Baltic, perennials including some brackish and freshwater marsh plants are characteristic. Volcanic sediments can provide a distinctive character around Icelandic shores. Distinctive invertebrates characterise beaches and their driftlines, providing food for some wading birds.",EUNIS terrestrial habitat classification review v1 (2021; updated 2023),https://doi.org/10.2909/bfe4c237-e378-4a83-ab21-b3807f96c2e2,d7ed5483bfc38804ba9c6039b73e5c75801f7e7e905b8118f55999f1b516744a,CC-BY-4.0
N12,Mediterranean and Black Sea sand beach,"A largely unvegetated linear feature of sheltered coastlines around the Mediterranean and Black Seas, with fragmentary and sporadic vegetation cover developing on the accumulated sand, gravel and decaying plant material. Typically, the vegetation cover comprises scattered annual halophytes, although pioneer dune perennials can appear where sand ridges get pushed by storms beyond the normal tidal limit.","Mediterranean and Black Sea sand beach
A largely unvegetated linear feature of sheltered coastlines around the Mediterranean and Black Seas, with fragmentary and sporadic vegetation cover developing on the accumulated sand, gravel and decaying plant material. Typically, the vegetation cover comprises scattered annual halophytes, although pioneer dune perennials can appear where sand ridges get pushed by storms beyond the normal tidal limit.",EUNIS terrestrial habitat classification review v1 (2021; updated 2023),https://doi.org/10.2909/bfe4c237-e378-4a83-ab21-b3807f96c2e2,d7ed5483bfc38804ba9c6039b73e5c75801f7e7e905b8118f55999f1b516744a,CC-BY-4.0
N15,Atlantic and Baltic coastal dune grassland (grey dune),"Grasslands that develop on the stabilised sands of older (grey) dunes along the Atlantic (southern to middle Portugal), North Sea and Baltic coasts. The sandy substrate, thinly enriched with accumulating humus, is well-drained and can dry out during summer. Typically with a more or less complete cover of (relatively low) grasses, herbs, bryophytes and lichens, sometimes with low shrubs, they comprise one of the most species-rich habitats on the temperate European coast. The flora can vary with the regional climate, with the character of the substrate, from acid to highly calcareous, and with the local dune topography. Individual dune systems can vary from narrow strips to enormous stretches, though most are not a dynamic stage in succession, but maintained in a more or less stable fixed state. They were often grazed or mown in the past, and missing dune fixation prevented the development of dense, tall grasslands as well as scrub and woodland. The habitat is threatened in most countries by the abandonment of traditional farming, by eutrophication through nitrogen deposition, overuse and urbanisation, often related to tourism.","Atlantic and Baltic coastal dune grassland (grey dune)
Grasslands that develop on the stabilised sands of older (grey) dunes along the Atlantic (southern to middle Portugal), North Sea and Baltic coasts. The sandy substrate, thinly enriched with accumulating humus, is well-drained and can dry out during summer. Typically with a more or less complete cover of (relatively low) grasses, herbs, bryophytes and lichens, sometimes with low shrubs, they comprise one of the most species-rich habitats on the temperate European coast. The flora can vary with the regional climate, with the character of the substrate, from acid to highly calcareous, and with the local dune topography. Individual dune systems can vary from narrow strips to enormous stretches, though most are not a dynamic stage in succession, but maintained in a more or less stable fixed state. They were often grazed or mown in the past, and missing dune fixation prevented the development of dense, tall grasslands as well as scrub and woodland. The habitat is threatened in most countries by the abandonment of traditional farming, by eutrophication through nitrogen deposition, overuse and urbanisation, often related to tourism.",EUNIS terrestrial habitat classification review v1 (2021; updated 2023),https://doi.org/10.2909/bfe4c237-e378-4a83-ab21-b3807f96c2e2,d7ed5483bfc38804ba9c6039b73e5c75801f7e7e905b8118f55999f1b516744a,CC-BY-4.0
N16,Mediterranean and Macaronesian coastal dune grassland (grey dune),"Stable (grey) dunes of fixed sands along the Mediterranean and Macaronesian coasts, and of the thermo-Atlantic coasts of Portugal, southwestern Spain and North Africa inland from wind erosion and salt deposition. They have a more or less complete cover of graminoids and herbs, often with a contingent of colourful spring annuals capitalising on early rains. The flora varies according to regional climate and dune topography. They may represent a temporary phase, giving way to evergreen sclerophyll scrub and woodland, or may form more permanent grassland at sites not suitable for shrubland. Through much of the Mediterranean, the habitat has been destroyed, contaminated by the invasion of non-native species or is much influenced by tourism, urbanisation, infrastructure development, arable cultivation, nitrogen deposition and afforestation.","Mediterranean and Macaronesian coastal dune grassland (grey dune)
Stable (grey) dunes of fixed sands along the Mediterranean and Macaronesian coasts, and of the thermo-Atlantic coasts of Portugal, southwestern Spain and North Africa inland from wind erosion and salt deposition. They have a more or less complete cover of graminoids and herbs, often with a contingent of colourful spring annuals capitalising on early rains. The flora varies according to regional climate and dune topography. They may represent a temporary phase, giving way to evergreen sclerophyll scrub and woodland, or may form more permanent grassland at sites not suitable for shrubland. Through much of the Mediterranean, the habitat has been destroyed, contaminated by the invasion of non-native species or is much influenced by tourism, urbanisation, infrastructure development, arable cultivation, nitrogen deposition and afforestation.",EUNIS terrestrial habitat classification review v1 (2021; updated 2023),https://doi.org/10.2909/bfe4c237-e378-4a83-ab21-b3807f96c2e2,d7ed5483bfc38804ba9c6039b73e5c75801f7e7e905b8118f55999f1b516744a,CC-BY-4.0
N17,Black Sea coastal dune grassland (grey dune),"Dune grassland on stabilised or semi-stabilised coastal sands around the Black Sea, mostly on the western and north-western stretches and now only very locally. The dunes are best developed on broader flatter shores, and the ridges can vary in height from just a few metres to over 50 m, with moist depressions between. The flora is variable with a shift from the Mediterranean to Pontic regions moving northwards, with many regional endemic plant species among its grasses and herbs. Perennials predominate, but there can be striking contingents of annuals on more mobile stretches of sand on the ridges. Mosses and lichens can be extensive on north-facing, less sunny slopes.","Black Sea coastal dune grassland (grey dune)
Dune grassland on stabilised or semi-stabilised coastal sands around the Black Sea, mostly on the western and north-western stretches and now only very locally. The dunes are best developed on broader flatter shores, and the ridges can vary in height from just a few metres to over 50 m, with moist depressions between. The flora is variable with a shift from the Mediterranean to Pontic regions moving northwards, with many regional endemic plant species among its grasses and herbs. Perennials predominate, but there can be striking contingents of annuals on more mobile stretches of sand on the ridges. Mosses and lichens can be extensive on north-facing, less sunny slopes.",EUNIS terrestrial habitat classification review v1 (2021; updated 2023),https://doi.org/10.2909/bfe4c237-e378-4a83-ab21-b3807f96c2e2,d7ed5483bfc38804ba9c6039b73e5c75801f7e7e905b8118f55999f1b516744a,CC-BY-4.0
N18,Atlantic and Baltic coastal Empetrum heath,"Heath on stable, decalcified dune sands along the cooler north Atlantic and Baltic coasts of Europe, dominated by Empetrum nigrum, with or without Calluna vulgaris, or occurring in dune slacks where Erica tetralix may also be abundant or even replace Empetrum with the same suite of associates. Persistent where wind-exposure or light grazing prevent succession to scrub or woodland. Dry Empetrum heaths are probably threatened by increased temperature and less precipitation during spring and summer.","Atlantic and Baltic coastal Empetrum heath
Heath on stable, decalcified dune sands along the cooler north Atlantic and Baltic coasts of Europe, dominated by Empetrum nigrum, with or without Calluna vulgaris, or occurring in dune slacks where Erica tetralix may also be abundant or even replace Empetrum with the same suite of associates. Persistent where wind-exposure or light grazing prevent succession to scrub or woodland. Dry Empetrum heaths are probably threatened by increased temperature and less precipitation during spring and summer.",EUNIS terrestrial habitat classification review v1 (2021; updated 2023),https://doi.org/10.2909/bfe4c237-e378-4a83-ab21-b3807f96c2e2,d7ed5483bfc38804ba9c6039b73e5c75801f7e7e905b8118f55999f1b516744a,CC-BY-4.0
N19,Atlantic coastal Calluna and Ulex heath,"Heath on stable, decalcified, sharply-draining dune sands along the warmer, more humid Atlantic coast of Europe, dominated by Calluna vulgaris, Erica spp., Ulex spp. or other low spiny legumes, often with a strong contingent of grasses and sedges. Persistent where wind-exposure or light grazing prevent succession to scrub or woodland.","Atlantic coastal Calluna and Ulex heath
Heath on stable, decalcified, sharply-draining dune sands along the warmer, more humid Atlantic coast of Europe, dominated by Calluna vulgaris, Erica spp., Ulex spp. or other low spiny legumes, often with a strong contingent of grasses and sedges. Persistent where wind-exposure or light grazing prevent succession to scrub or woodland.",EUNIS terrestrial habitat classification review v1 (2021; updated 2023),https://doi.org/10.2909/bfe4c237-e378-4a83-ab21-b3807f96c2e2,d7ed5483bfc38804ba9c6039b73e5c75801f7e7e905b8118f55999f1b516744a,CC-BY-4.0
N1A,Atlantic and Baltic coastal dune scrub,Scrub dominated by a wide diversity of low to tall shrubs on stabilised dry dune sands and in dune slacks along the Atlantic and Baltic coasts. The composition varies according to regional climate and soil conditions. Fen vegetation with low Salix repens or grasslands with Rosa spinosissima are not included.,"Atlantic and Baltic coastal dune scrub
Scrub dominated by a wide diversity of low to tall shrubs on stabilised dry dune sands and in dune slacks along the Atlantic and Baltic coasts. The composition varies according to regional climate and soil conditions. Fen vegetation with low Salix repens or grasslands with Rosa spinosissima are not included.",EUNIS terrestrial habitat classification review v1 (2021; updated 2023),https://doi.org/10.2909/bfe4c237-e378-4a83-ab21-b3807f96c2e2,d7ed5483bfc38804ba9c6039b73e5c75801f7e7e905b8118f55999f1b516744a,CC-BY-4.0
N1B,Mediterranean and Black Sea coastal dune scrub,"Scrub dominated by a wide diversity of low to tall shrubs on stabilised dry dune sands along the Mediterranean and Black Sea coasts, often grading to dune grassland or woodland, the associated herb flora showing elements from these neighbouring vegetation types or mosaics.","Mediterranean and Black Sea coastal dune scrub
Scrub dominated by a wide diversity of low to tall shrubs on stabilised dry dune sands along the Mediterranean and Black Sea coasts, often grading to dune grassland or woodland, the associated herb flora showing elements from these neighbouring vegetation types or mosaics.",EUNIS terrestrial habitat classification review v1 (2021; updated 2023),https://doi.org/10.2909/bfe4c237-e378-4a83-ab21-b3807f96c2e2,d7ed5483bfc38804ba9c6039b73e5c75801f7e7e905b8118f55999f1b516744a,CC-BY-4.0
N1D,Atlantic and Baltic broad-leaved coastal dune forest,"A forest type with a wide range of variation, comprising a diversity of relatively open to closed forests on Atlantic and Baltic coastal dunes. It develops where more stable coastal sands are invaded by broadleaved trees typical of the local soil and climatic conditions. It includes forests in dry and wet conditions, on calcareous and acidic sands and along the climatic gradient from southern Norway and the Baltics towards central Portugal. Many of these forests are indistinguishable in their floristic composition from inland examples of the same general type.","Atlantic and Baltic broad-leaved coastal dune forest
A forest type with a wide range of variation, comprising a diversity of relatively open to closed forests on Atlantic and Baltic coastal dunes. It develops where more stable coastal sands are invaded by broadleaved trees typical of the local soil and climatic conditions. It includes forests in dry and wet conditions, on calcareous and acidic sands and along the climatic gradient from southern Norway and the Baltics towards central Portugal. Many of these forests are indistinguishable in their floristic composition from inland examples of the same general type.",EUNIS terrestrial habitat classification review v1 (2021; updated 2023),https://doi.org/10.2909/bfe4c237-e378-4a83-ab21-b3807f96c2e2,d7ed5483bfc38804ba9c6039b73e5c75801f7e7e905b8118f55999f1b516744a,CC-BY-4.0
N1F,Baltic coniferous coastal dune forest,Forests on coastal dunes on the Baltic coast dominated by Pinus sylvestris. Many of these forests are indistinguishable in their floristic composition from inland examples of the same general type.,"Baltic coniferous coastal dune forest
Forests on coastal dunes on the Baltic coast dominated by Pinus sylvestris. Many of these forests are indistinguishable in their floristic composition from inland examples of the same general type.",EUNIS terrestrial habitat classification review v1 (2021; updated 2023),https://doi.org/10.2909/bfe4c237-e378-4a83-ab21-b3807f96c2e2,d7ed5483bfc38804ba9c6039b73e5c75801f7e7e905b8118f55999f1b516744a,CC-BY-4.0
N1G,Mediterranean coniferous coastal dune forest,"Forests on coastal dunes in the Mediterranean Basin are dominated by different species of pine. Many stands are of planted origin. A variety of other woody species occur including shrubs such as junipers. Where shrubs exceed the cover of pine, the habitat should be considered N19 Mediterranean and Black Sea coastal dune scrub.","Mediterranean coniferous coastal dune forest
Forests on coastal dunes in the Mediterranean Basin are dominated by different species of pine. Many stands are of planted origin. A variety of other woody species occur including shrubs such as junipers. Where shrubs exceed the cover of pine, the habitat should be considered N19 Mediterranean and Black Sea coastal dune scrub.",EUNIS terrestrial habitat classification review v1 (2021; updated 2023),https://doi.org/10.2909/bfe4c237-e378-4a83-ab21-b3807f96c2e2,d7ed5483bfc38804ba9c6039b73e5c75801f7e7e905b8118f55999f1b516744a,CC-BY-4.0
N1H,Atlantic and Baltic moist and wet dune slack,"Dune slacks develop in Atlantic and Baltic dune systems as moist-wet depressions between dune ridges. Primary slacks originate from the development of the beach-dune-slack-system, while secondary slacks occur where blow-outs have lowered the sand level of dune systems to that of groundwater or, unusually in the Wadden Sea, where parts of barrier islands are occasionally flooded by tidal inundation (so-called “green beaches”). The water table fluctuates seasonally, less so around the Baltic, and the mean wetness of slacks can vary so that the range of vegetation is considerable from dwarf rush and bryophyte pioneer vegetation, through wet grasslands, to various kinds of mire and swamp, with persistent areas of open water with aquatic plants.","Atlantic and Baltic moist and wet dune slack
Dune slacks develop in Atlantic and Baltic dune systems as moist-wet depressions between dune ridges. Primary slacks originate from the development of the beach-dune-slack-system, while secondary slacks occur where blow-outs have lowered the sand level of dune systems to that of groundwater or, unusually in the Wadden Sea, where parts of barrier islands are occasionally flooded by tidal inundation (so-called “green beaches”). The water table fluctuates seasonally, less so around the Baltic, and the mean wetness of slacks can vary so that the range of vegetation is considerable from dwarf rush and bryophyte pioneer vegetation, through wet grasslands, to various kinds of mire and swamp, with persistent areas of open water with aquatic plants.",EUNIS terrestrial habitat classification review v1 (2021; updated 2023),https://doi.org/10.2909/bfe4c237-e378-4a83-ab21-b3807f96c2e2,d7ed5483bfc38804ba9c6039b73e5c75801f7e7e905b8118f55999f1b516744a,CC-BY-4.0
N1J,Mediterranean and Black Sea moist and wet dune slack,"Small permanent or temporary freshwater bodies that develop in the depressions between sand ridges in the dune systems along the Mediterranean and Black Sea coasts. The constituent vegetation depends on the depth and persistence of the water which is very variable, and also on the level of enrichment, which is usually eutrophic to mesotrophic, though locally dystrophic. There can be aquatic communities in the open waters and swamps around the margins and, where the slacks dry out in summer, conditions can become saline with ephemerals colonising.","Mediterranean and Black Sea moist and wet dune slack
Small permanent or temporary freshwater bodies that develop in the depressions between sand ridges in the dune systems along the Mediterranean and Black Sea coasts. The constituent vegetation depends on the depth and persistence of the water which is very variable, and also on the level of enrichment, which is usually eutrophic to mesotrophic, though locally dystrophic. There can be aquatic communities in the open waters and swamps around the margins and, where the slacks dry out in summer, conditions can become saline with ephemerals colonising.",EUNIS terrestrial habitat classification review v1 (2021; updated 2023),https://doi.org/10.2909/bfe4c237-e378-4a83-ab21-b3807f96c2e2,d7ed5483bfc38804ba9c6039b73e5c75801f7e7e905b8118f55999f1b516744a,CC-BY-4.0
N21,"Atlantic, Baltic and Arctic coastal shingle beach","These deposits of shingle are most typical of highly dynamic beaches along the Atlantic, Arctic and Baltic coasts, with concentrations along the English Channel. Often mobile and largely bare, they provide an inhospitable environment colonised only in more stable situations, with some deposition of finer material and drift detritus, by a distinctive suite of salt-tolerant and nitrophilous perennial plants. They also provide a habitat suitable for some nesting waders and seabirds and a variety of distinctive invertebrates. Locally, in southern England and the Baltic, larger apposition beaches are more extensively colonised by vegetation.","Atlantic, Baltic and Arctic coastal shingle beach
These deposits of shingle are most typical of highly dynamic beaches along the Atlantic, Arctic and Baltic coasts, with concentrations along the English Channel. Often mobile and largely bare, they provide an inhospitable environment colonised only in more stable situations, with some deposition of finer material and drift detritus, by a distinctive suite of salt-tolerant and nitrophilous perennial plants. They also provide a habitat suitable for some nesting waders and seabirds and a variety of distinctive invertebrates. Locally, in southern England and the Baltic, larger apposition beaches are more extensively colonised by vegetation.",EUNIS terrestrial habitat classification review v1 (2021; updated 2023),https://doi.org/10.2909/bfe4c237-e378-4a83-ab21-b3807f96c2e2,d7ed5483bfc38804ba9c6039b73e5c75801f7e7e905b8118f55999f1b516744a,CC-BY-4.0
Q11,Raised bog,"The mire surface and underlying peat of highly oligotrophic, strongly acidic peatlands with a raised centre from which water drains towards the edges. The peat is composed mainly of sphagnum remains. Raised bogs form on nearly flat ground and are ombrotrophic, i.e. derive moisture and nutrients only from rainfall. Raised bog complexes include larger and smaller bog pools, lawns, elevated hummocks and their associated vegetation. Raised bogs form only in cool climates with high rainfall, and they are most widespread in the boreal zone and in the mountains and hills of the temperate zone; they also occur locally in the lowlands of the temperate zone. They are characteristic of lowlands and hills of northwestern and northern Europe, the adjacent Hercynian ranges, the Jura, the Alps and the Carpathians. Bogs harbour, in addition to sphagna (Sphagnum fuscum, S. magellanicum aggr., S. majus), which are often abundant, a small number of dwarf shrubs such as Andromeda polifolia, Rhododendron tomentosum, Vaccinium oxycoccos, and sedges such as Carex magellanica, Carex pauciflora, Eriophorum vaginatum and Trichophorum cespitosum, non-sphagnaceous bryophytes and lichens.","Raised bog
The mire surface and underlying peat of highly oligotrophic, strongly acidic peatlands with a raised centre from which water drains towards the edges. The peat is composed mainly of sphagnum remains. Raised bogs form on nearly flat ground and are ombrotrophic, i.e. derive moisture and nutrients only from rainfall. Raised bog complexes include larger and smaller bog pools, lawns, elevated hummocks and their associated vegetation. Raised bogs form only in cool climates with high rainfall, and they are most widespread in the boreal zone and in the mountains and hills of the temperate zone; they also occur locally in the lowlands of the temperate zone. They are characteristic of lowlands and hills of northwestern and northern Europe, the adjacent Hercynian ranges, the Jura, the Alps and the Carpathians. Bogs harbour, in addition to sphagna (Sphagnum fuscum, S. magellanicum aggr., S. majus), which are often abundant, a small number of dwarf shrubs such as Andromeda polifolia, Rhododendron tomentosum, Vaccinium oxycoccos, and sedges such as Carex magellanica, Carex pauciflora, Eriophorum vaginatum and Trichophorum cespitosum, non-sphagnaceous bryophytes and lichens.",EUNIS terrestrial habitat classification review v1 (2021; updated 2023),https://doi.org/10.2909/bfe4c237-e378-4a83-ab21-b3807f96c2e2,d7ed5483bfc38804ba9c6039b73e5c75801f7e7e905b8118f55999f1b516744a,CC-BY-4.0
Q12,Blanket bog,"The mire surface and underlying peat of ombrotrophic peatlands, formed on flat or gently sloping ground with poor surface drainage, in oceanic climates with high rainfall. The mire surface may on flatter ground be very similar to that of a raised bog, with a complex of small pools and terrestrial hummocks. Blanket bogs are a habitat of northwestern Europe, characteristic of the western and northern British Isles, the Faeroe Islands and the western seaboard of Scandinavia with small outliers in France, Portugal and Spain. They often cover extensive areas with local topographic features supporting distinct communities. Sphagna (Sphagnum compactum, Sphagnum papillosum, Sphagnum rubellum, Sphagnum tenellum) play an important role in all of them, accompanied by Calluna vulgaris, Eriophorum angustifolium, Eriophorum vaginatum, Molinia caerulea, Narthecium ossifragum, Schoenus nigricans and Trichophorum cespitosum. Blanket bog complexes include dystrophic pools and acidic flushes as well as the mire surface.","Blanket bog
The mire surface and underlying peat of ombrotrophic peatlands, formed on flat or gently sloping ground with poor surface drainage, in oceanic climates with high rainfall. The mire surface may on flatter ground be very similar to that of a raised bog, with a complex of small pools and terrestrial hummocks. Blanket bogs are a habitat of northwestern Europe, characteristic of the western and northern British Isles, the Faeroe Islands and the western seaboard of Scandinavia with small outliers in France, Portugal and Spain. They often cover extensive areas with local topographic features supporting distinct communities. Sphagna (Sphagnum compactum, Sphagnum papillosum, Sphagnum rubellum, Sphagnum tenellum) play an important role in all of them, accompanied by Calluna vulgaris, Eriophorum angustifolium, Eriophorum vaginatum, Molinia caerulea, Narthecium ossifragum, Schoenus nigricans and Trichophorum cespitosum. Blanket bog complexes include dystrophic pools and acidic flushes as well as the mire surface.",EUNIS terrestrial habitat classification review v1 (2021; updated 2023),https://doi.org/10.2909/bfe4c237-e378-4a83-ab21-b3807f96c2e2,d7ed5483bfc38804ba9c6039b73e5c75801f7e7e905b8118f55999f1b516744a,CC-BY-4.0
Q21,Oceanic valley mire,"Topogenous wetlands in which the peat-forming vegetation depends on water draining from the surrounding landscape. Most valley mires are habitat complexes including poor fens, transition mires and pools. Acid valley mires often have vegetation resembling that of bogs, especially in those parts relatively distant from flowing water. Basic and neutral valley mires support mainly poor-fen vegetation, but in large mire systems, this is accompanied by acid wet grassland, large sedges and reeds. Sphagnum hummocks form locally, and transition mires or littoral and spring communities colonize small depressions. Excluded are rich-fen valley mires.","Oceanic valley mire
Topogenous wetlands in which the peat-forming vegetation depends on water draining from the surrounding landscape. Most valley mires are habitat complexes including poor fens, transition mires and pools. Acid valley mires often have vegetation resembling that of bogs, especially in those parts relatively distant from flowing water. Basic and neutral valley mires support mainly poor-fen vegetation, but in large mire systems, this is accompanied by acid wet grassland, large sedges and reeds. Sphagnum hummocks form locally, and transition mires or littoral and spring communities colonize small depressions. Excluded are rich-fen valley mires.",EUNIS terrestrial habitat classification review v1 (2021; updated 2023),https://doi.org/10.2909/bfe4c237-e378-4a83-ab21-b3807f96c2e2,d7ed5483bfc38804ba9c6039b73e5c75801f7e7e905b8118f55999f1b516744a,CC-BY-4.0
Q22,Poor fen,"This type of mire, fed by a throughput of acid, nutrient-poor groundwater occurs in a variety of topographic situations (around upland springs, in the laggs of raised bogs, in forest hollows and among infertile fen-grassland complexes) throughout the siliceous landscapes of temperate Europe, particularly in the north. There is a continuous surface carpet of oligotrophic sphagna and small sedges and an associated flora of mire generalists characteristic of less minerotrophic situations. Surface patterning is usually very limited but, towards the boreal regions, there can be a gentle hummock-hollow pattern with scattered trees in drier areas.","Poor fen
This type of mire, fed by a throughput of acid, nutrient-poor groundwater occurs in a variety of topographic situations (around upland springs, in the laggs of raised bogs, in forest hollows and among infertile fen-grassland complexes) throughout the siliceous landscapes of temperate Europe, particularly in the north. There is a continuous surface carpet of oligotrophic sphagna and small sedges and an associated flora of mire generalists characteristic of less minerotrophic situations. Surface patterning is usually very limited but, towards the boreal regions, there can be a gentle hummock-hollow pattern with scattered trees in drier areas.",EUNIS terrestrial habitat classification review v1 (2021; updated 2023),https://doi.org/10.2909/bfe4c237-e378-4a83-ab21-b3807f96c2e2,d7ed5483bfc38804ba9c6039b73e5c75801f7e7e905b8118f55999f1b516744a,CC-BY-4.0
Q23,Relict mire of Mediterranean mountains,"Oligo- to mesotrophic mire occurring on the waterlogged margins of glacial lakes and around streams in the montane and subalpine belts of the Spanish Sierra Nevada, Corsica, and the western Balkan Peninsula (and also the High Atlas of Morocco). It develops on blankets of thin peat over siliceous bedrocks, kept constantly wet and cool (covered by snow in the high Balkan mountains for much of the year) and providing a splash of green in prevailingly dry landscapes. The vegetation is dominated by small sedges or graminoids often with distinctive endemic and relict species.","Relict mire of Mediterranean mountains
Oligo- to mesotrophic mire occurring on the waterlogged margins of glacial lakes and around streams in the montane and subalpine belts of the Spanish Sierra Nevada, Corsica, and the western Balkan Peninsula (and also the High Atlas of Morocco). It develops on blankets of thin peat over siliceous bedrocks, kept constantly wet and cool (covered by snow in the high Balkan mountains for much of the year) and providing a splash of green in prevailingly dry landscapes. The vegetation is dominated by small sedges or graminoids often with distinctive endemic and relict species.",EUNIS terrestrial habitat classification review v1 (2021; updated 2023),https://doi.org/10.2909/bfe4c237-e378-4a83-ab21-b3807f96c2e2,d7ed5483bfc38804ba9c6039b73e5c75801f7e7e905b8118f55999f1b516744a,CC-BY-4.0
Q24,Intermediate fen and soft-water spring mire,"These weakly acidic minerotrophic mires occur on peat fed from upper catchments by diffuse seepage of non-calcareous groundwater discharged via springs. They occur widely throughout temperate Europe, though at higher altitudes in the warmer south. The vegetation is typically dominated by a carpet of brown mosses and minerotrophic sphagna, small sedges and associated herbs, though generally without rich-fen indicators, and sometimes with drier hummocks on which sub-shrubs and occasional trees can be found.","Intermediate fen and soft-water spring mire
These weakly acidic minerotrophic mires occur on peat fed from upper catchments by diffuse seepage of non-calcareous groundwater discharged via springs. They occur widely throughout temperate Europe, though at higher altitudes in the warmer south. The vegetation is typically dominated by a carpet of brown mosses and minerotrophic sphagna, small sedges and associated herbs, though generally without rich-fen indicators, and sometimes with drier hummocks on which sub-shrubs and occasional trees can be found.",EUNIS terrestrial habitat classification review v1 (2021; updated 2023),https://doi.org/10.2909/bfe4c237-e378-4a83-ab21-b3807f96c2e2,d7ed5483bfc38804ba9c6039b73e5c75801f7e7e905b8118f55999f1b516744a,CC-BY-4.0
Q25,Non-calcareous quaking mire,"This habitat develops by terrestrialisation of open water through the outgrowth of sodden floating rafts of vegetation and accumulating peat from the margins of acidic lakes and ponds, the whole forming a flat quaking surface. It is widely distributed through Europe, though usually highly localised, with the largest areas reported from the Nordic countries. On the matted carpets of sedges and other vascular plants typical of minerotrophic situations, sphagna, other mosses and often abundant liverworts develop, thicker stretches sometimes forming irregular ombrotrophic hummocks. The main threat for such mires is drainage, leading quickly and often irreversibly to the development of other habitats, like poor fens. Quaking areas in percolation mires (which have a much higher species richness) need a very long time to regenerate after rewetting if the regulatory mechanism of the peat body has been destroyed by drainage.","Non-calcareous quaking mire
This habitat develops by terrestrialisation of open water through the outgrowth of sodden floating rafts of vegetation and accumulating peat from the margins of acidic lakes and ponds, the whole forming a flat quaking surface. It is widely distributed through Europe, though usually highly localised, with the largest areas reported from the Nordic countries. On the matted carpets of sedges and other vascular plants typical of minerotrophic situations, sphagna, other mosses and often abundant liverworts develop, thicker stretches sometimes forming irregular ombrotrophic hummocks. The main threat for such mires is drainage, leading quickly and often irreversibly to the development of other habitats, like poor fens. Quaking areas in percolation mires (which have a much higher species richness) need a very long time to regenerate after rewetting if the regulatory mechanism of the peat body has been destroyed by drainage.",EUNIS terrestrial habitat classification review v1 (2021; updated 2023),https://doi.org/10.2909/bfe4c237-e378-4a83-ab21-b3807f96c2e2,d7ed5483bfc38804ba9c6039b73e5c75801f7e7e905b8118f55999f1b516744a,CC-BY-4.0
Q31,Palsa mire,"Palsa mire develops where thick peat is subject to sporadic permafrost in Iceland, northern Fennoscandia and Arctic Russia where there is low precipitation and an annual mean temperature below -1°C. The permafrost dynamics produce a typical patterning with palsa mounds 2–4 m (sometimes 7 m) high, elevated in central thicker areas by permafrost lenses. The carpet of Sphagnum peat limits the penetration of thaw, maintaining a perennially frozen core of peat, silt and ice lenses beneath. Pounikko hummock ridges can be found in marginal areas subject to seasonal freezing, and there are plateau-wide palsas and string mires in the Arctic. Intact palsa mounds show a patterning of weakly minerotrophic vegetation with different assemblages of mosses, herbs and sub-shrubs on their tops and sides. Old palsa mounds can become dry, and erosion may lead to melting and collapse. A complete melting leaves behind thermokarst ponds.","Palsa mire
Palsa mire develops where thick peat is subject to sporadic permafrost in Iceland, northern Fennoscandia and Arctic Russia where there is low precipitation and an annual mean temperature below -1°C. The permafrost dynamics produce a typical patterning with palsa mounds 2–4 m (sometimes 7 m) high, elevated in central thicker areas by permafrost lenses. The carpet of Sphagnum peat limits the penetration of thaw, maintaining a perennially frozen core of peat, silt and ice lenses beneath. Pounikko hummock ridges can be found in marginal areas subject to seasonal freezing, and there are plateau-wide palsas and string mires in the Arctic. Intact palsa mounds show a patterning of weakly minerotrophic vegetation with different assemblages of mosses, herbs and sub-shrubs on their tops and sides. Old palsa mounds can become dry, and erosion may lead to melting and collapse. A complete melting leaves behind thermokarst ponds.",EUNIS terrestrial habitat classification review v1 (2021; updated 2023),https://doi.org/10.2909/bfe4c237-e378-4a83-ab21-b3807f96c2e2,d7ed5483bfc38804ba9c6039b73e5c75801f7e7e905b8118f55999f1b516744a,CC-BY-4.0
Q41,"Alkaline, calcareous, carbonate-rich small-sedge spring fen","Short-sedge fens, spring fens and fen grasslands kept continually wet by base-rich, nutrient-poor waters, occurring through the lowlands and mountains of temperate Europe and more locally in the boreal zone. They are most common, rich and diverse in the limestone massifs of central European mountains, especially the Alps and Carpathians. The soil is rich in organic matter and has high pH, often with precipitation of carbonate or tufa. Small basiphilous sedges dominate the vegetation with rich associated flora and a patchy carpet of fen bryophytes while sphagna are absent.","Alkaline, calcareous, carbonate-rich small-sedge spring fen
Short-sedge fens, spring fens and fen grasslands kept continually wet by base-rich, nutrient-poor waters, occurring through the lowlands and mountains of temperate Europe and more locally in the boreal zone. They are most common, rich and diverse in the limestone massifs of central European mountains, especially the Alps and Carpathians. The soil is rich in organic matter and has high pH, often with precipitation of carbonate or tufa. Small basiphilous sedges dominate the vegetation with rich associated flora and a patchy carpet of fen bryophytes while sphagna are absent.",EUNIS terrestrial habitat classification review v1 (2021; updated 2023),https://doi.org/10.2909/bfe4c237-e378-4a83-ab21-b3807f96c2e2,d7ed5483bfc38804ba9c6039b73e5c75801f7e7e905b8118f55999f1b516744a,CC-BY-4.0
Q42,Extremely rich moss-sedge fen,"Base-rich fens without calcium carbonate precipitation, neutral, often with calcium-tolerant sphagna (e.g. Sphagnum contortum, S. subfulvum, S. teres and S. warnstorfii) dominated by sedges.","Extremely rich moss-sedge fen
Base-rich fens without calcium carbonate precipitation, neutral, often with calcium-tolerant sphagna (e.g. Sphagnum contortum, S. subfulvum, S. teres and S. warnstorfii) dominated by sedges.",EUNIS terrestrial habitat classification review v1 (2021; updated 2023),https://doi.org/10.2909/bfe4c237-e378-4a83-ab21-b3807f96c2e2,d7ed5483bfc38804ba9c6039b73e5c75801f7e7e905b8118f55999f1b516744a,CC-BY-4.0
Q43,Tall-sedge base-rich fen,"Tall-sedge fens are dominated by medium to tall graminoids and tall herbs, along with a patchier tier of low plants, and a ground carpet of rich-fen bryophytes. They are limited to flat landforms where base-rich, nutrient-poor groundwater from springs and seepage lines keep the surface very wet, even in summer. They occur throughout Europe, particularly in the Atlantic and central European lowlands, becoming transitional in species composition northwards to quaking calcareous fens, though sometimes covering large areas in Fennoscandia.","Tall-sedge base-rich fen
Tall-sedge fens are dominated by medium to tall graminoids and tall herbs, along with a patchier tier of low plants, and a ground carpet of rich-fen bryophytes. They are limited to flat landforms where base-rich, nutrient-poor groundwater from springs and seepage lines keep the surface very wet, even in summer. They occur throughout Europe, particularly in the Atlantic and central European lowlands, becoming transitional in species composition northwards to quaking calcareous fens, though sometimes covering large areas in Fennoscandia.",EUNIS terrestrial habitat classification review v1 (2021; updated 2023),https://doi.org/10.2909/bfe4c237-e378-4a83-ab21-b3807f96c2e2,d7ed5483bfc38804ba9c6039b73e5c75801f7e7e905b8118f55999f1b516744a,CC-BY-4.0
Q44,Calcareous quaking mire,"Calcareous quaking mire develops in as a topogenic mire in basins fed by very calcareous, nutrient-poor groundwater, with generally thin peat, less than 2 m thick. It occurs widely throughout Europe but is most widespread in Finland and Sweden. The surface is kept permanently very wet and covered by an extensive moss carpet with only sparse vascular plants, sometimes disposed over irregular patterns of flarks and hollows. Calcium precipitation can occur on the surface, and the carpet is often interrupted by stretches of open water.","Calcareous quaking mire
Calcareous quaking mire develops in as a topogenic mire in basins fed by very calcareous, nutrient-poor groundwater, with generally thin peat, less than 2 m thick. It occurs widely throughout Europe but is most widespread in Finland and Sweden. The surface is kept permanently very wet and covered by an extensive moss carpet with only sparse vascular plants, sometimes disposed over irregular patterns of flarks and hollows. Calcium precipitation can occur on the surface, and the carpet is often interrupted by stretches of open water.",EUNIS terrestrial habitat classification review v1 (2021; updated 2023),https://doi.org/10.2909/bfe4c237-e378-4a83-ab21-b3807f96c2e2,d7ed5483bfc38804ba9c6039b73e5c75801f7e7e905b8118f55999f1b516744a,CC-BY-4.0
Q45,Arctic-alpine rich fen,"Fens developed on open substrates constantly flushed by icy, base-rich water alongside small rivers, springs or glaciers in the alpine belt of European mountains and in the Arctic. Constant disturbance by moving water and freeze-thaw, aeration with turbulent flow and low productivity prevent peat accumulation. Consequently, this fen typically occurs as small unstable patches colonising bare ground. The vegetation consists of small basiphilous sedges, rushes and herbs, brown mosses and liverworts, and can include endemic species that are perhaps glacial relics such as Carex atrofusca, Carex microglochin and Juncus triglumis.","Arctic-alpine rich fen
Fens developed on open substrates constantly flushed by icy, base-rich water alongside small rivers, springs or glaciers in the alpine belt of European mountains and in the Arctic. Constant disturbance by moving water and freeze-thaw, aeration with turbulent flow and low productivity prevent peat accumulation. Consequently, this fen typically occurs as small unstable patches colonising bare ground. The vegetation consists of small basiphilous sedges, rushes and herbs, brown mosses and liverworts, and can include endemic species that are perhaps glacial relics such as Carex atrofusca, Carex microglochin and Juncus triglumis.",EUNIS terrestrial habitat classification review v1 (2021; updated 2023),https://doi.org/10.2909/bfe4c237-e378-4a83-ab21-b3807f96c2e2,d7ed5483bfc38804ba9c6039b73e5c75801f7e7e905b8118f55999f1b516744a,CC-BY-4.0
Q46,Carpathian travertine fen with halophytes,"Short-sedge fens developed on active travertine springs fed by extremely mineral-rich groundwater coming from deep aquifers upwards along Tertiary faults. They have conserved ancient species composition that combines plant and animal (e.g. snails and ostracods) specialists dwelling in short-sedge calcareous fens of temperate Europe (Eleocharis quinqueflora, Parnassia palustris, Pinguicula vulgaris, Primula farinosa, Schoenus ferrugineus and Pupilla alpicola) with halophytic species (Centaurium littorale subsp. uliginosum, Glaux maritima, Plantago maritima subsp. salsa, Scorzonera parviflora and Triglochin maritima) and Trichophorum pumilum, a rare glacial relict of low-productive tundra, fen and salt marsh habitats. Many of these species have isolated relict populations in this habitat. Their species composition is similar to halophytic fens of the southern Siberian high-mountain regions which are climatically analogous to the European full glacial period. The habitat is endemic to the Inner Western Carpathian basins. Most of the localities were destroyed in the past.","Carpathian travertine fen with halophytes
Short-sedge fens developed on active travertine springs fed by extremely mineral-rich groundwater coming from deep aquifers upwards along Tertiary faults. They have conserved ancient species composition that combines plant and animal (e.g. snails and ostracods) specialists dwelling in short-sedge calcareous fens of temperate Europe (Eleocharis quinqueflora, Parnassia palustris, Pinguicula vulgaris, Primula farinosa, Schoenus ferrugineus and Pupilla alpicola) with halophytic species (Centaurium littorale subsp. uliginosum, Glaux maritima, Plantago maritima subsp. salsa, Scorzonera parviflora and Triglochin maritima) and Trichophorum pumilum, a rare glacial relict of low-productive tundra, fen and salt marsh habitats. Many of these species have isolated relict populations in this habitat. Their species composition is similar to halophytic fens of the southern Siberian high-mountain regions which are climatically analogous to the European full glacial period. The habitat is endemic to the Inner Western Carpathian basins. Most of the localities were destroyed in the past.",EUNIS terrestrial habitat classification review v1 (2021; updated 2023),https://doi.org/10.2909/bfe4c237-e378-4a83-ab21-b3807f96c2e2,d7ed5483bfc38804ba9c6039b73e5c75801f7e7e905b8118f55999f1b516744a,CC-BY-4.0
Q51,Tall-helophyte bed,"This habitat of tall helophytes characteristically occupies a zone from shallow to moderately deep mesotrophic to eutrophic fresh or slightly brackish water along the banks of rivers and lakes, in artificial water bodies and at nutrient-rich terrestrial sites on waterlogged ground. It is a very widespread, but naturally fragmented habitat, throughout the European lowlands. The occurrence of different dominant species depends on water depth, duration of flooding, substratum, trophic level, disturbance by waves or current, herbivory and human influence, some of the plants being cut for fodder or thatching. Because of the competitive ability and clonal growth of tall helophytes, the stands are usually species-poor and often dominated by one or a few co-dominants. The habitat is vulnerable to drainage and pollution, land reclamation for agricultural and urban development, and the decline of marshland exploitation for renewable crops.","Tall-helophyte bed
This habitat of tall helophytes characteristically occupies a zone from shallow to moderately deep mesotrophic to eutrophic fresh or slightly brackish water along the banks of rivers and lakes, in artificial water bodies and at nutrient-rich terrestrial sites on waterlogged ground. It is a very widespread, but naturally fragmented habitat, throughout the European lowlands. The occurrence of different dominant species depends on water depth, duration of flooding, substratum, trophic level, disturbance by waves or current, herbivory and human influence, some of the plants being cut for fodder or thatching. Because of the competitive ability and clonal growth of tall helophytes, the stands are usually species-poor and often dominated by one or a few co-dominants. The habitat is vulnerable to drainage and pollution, land reclamation for agricultural and urban development, and the decline of marshland exploitation for renewable crops.",EUNIS terrestrial habitat classification review v1 (2021; updated 2023),https://doi.org/10.2909/bfe4c237-e378-4a83-ab21-b3807f96c2e2,d7ed5483bfc38804ba9c6039b73e5c75801f7e7e905b8118f55999f1b516744a,CC-BY-4.0
Q52,Small-helophyte bed,"Small and amphibious helophyte-dominated freshwater vegetation is a widespread, very common but fragmented habitat throughout the European lowlands, occurring in the shallow littoral zones of lakes, ponds and rivers subject to periodic and repeated variation in water levels. It is characterised by amphibious plants and provides an important habitat for benthic invertebrates, fish, amphibians and several species of birds, by offering shelter and food. Like other wetland types, this habitat has suffered much from the intensification of agricultural land use, including drainage, modification of flooding and reclamation, and expansion of urban areas.","Small-helophyte bed
Small and amphibious helophyte-dominated freshwater vegetation is a widespread, very common but fragmented habitat throughout the European lowlands, occurring in the shallow littoral zones of lakes, ponds and rivers subject to periodic and repeated variation in water levels. It is characterised by amphibious plants and provides an important habitat for benthic invertebrates, fish, amphibians and several species of birds, by offering shelter and food. Like other wetland types, this habitat has suffered much from the intensification of agricultural land use, including drainage, modification of flooding and reclamation, and expansion of urban areas.",EUNIS terrestrial habitat classification review v1 (2021; updated 2023),https://doi.org/10.2909/bfe4c237-e378-4a83-ab21-b3807f96c2e2,d7ed5483bfc38804ba9c6039b73e5c75801f7e7e905b8118f55999f1b516744a,CC-BY-4.0
Q53,Tall-sedge bed,"This habitat develops throughout the European lowlands, though less commonly to the warmer south, on the margins of standing and slow-moving fresh waters just above the mean water level, but subject to periodic flooding, and on year-round water-saturated soils. Tall-sedge communities are usually species-poor, often dominated by one productive plant, often of densely tussock habit, and accompanied by few characteristic species, often disposed in mosaics on and between the tussocks. The particular dominant depends on climate, substrate, hydrology and trophic level of the habitat and, now usually in the past, on management by grazing or cutting. The main threats are the expansion of agricultural, industrial and urban areas and changes in the level of groundwater and its pollution. Often the habitat is totally transformed without the possibility of natural recovery, and strong intervention is usually needed for recovery.","Tall-sedge bed
This habitat develops throughout the European lowlands, though less commonly to the warmer south, on the margins of standing and slow-moving fresh waters just above the mean water level, but subject to periodic flooding, and on year-round water-saturated soils. Tall-sedge communities are usually species-poor, often dominated by one productive plant, often of densely tussock habit, and accompanied by few characteristic species, often disposed in mosaics on and between the tussocks. The particular dominant depends on climate, substrate, hydrology and trophic level of the habitat and, now usually in the past, on management by grazing or cutting. The main threats are the expansion of agricultural, industrial and urban areas and changes in the level of groundwater and its pollution. Often the habitat is totally transformed without the possibility of natural recovery, and strong intervention is usually needed for recovery.",EUNIS terrestrial habitat classification review v1 (2021; updated 2023),https://doi.org/10.2909/bfe4c237-e378-4a83-ab21-b3807f96c2e2,d7ed5483bfc38804ba9c6039b73e5c75801f7e7e905b8118f55999f1b516744a,CC-BY-4.0
Q54,Inland saline or brackish helophyte bed,"This habitat includes helophyte beds developing in and around inland saline or brackish lakes, ponds and other standing or slowly flowing waters such as saline Mediterranean rivers that are subject to summer drying. The habitat may include, depending on the particular hydrological regime, emergent communities dominated by a variety of tall or tussocky species tolerant of brackish or saline conditions. It is distributed in both the continental part of Europe and the arid Mediterranean region, where it can dry out completely in the summer and become hyper-saline. Threats include land reclamation for agricultural and urban expansion, anthropogenic changes in hydrology, and the input of freshwater to serve waterfowl hunting or ecotourism in dry areas. Safeguarding the distinctive hydrology and controlling the spread of helophytes by grazing are the main conservation actions.","Inland saline or brackish helophyte bed
This habitat includes helophyte beds developing in and around inland saline or brackish lakes, ponds and other standing or slowly flowing waters such as saline Mediterranean rivers that are subject to summer drying. The habitat may include, depending on the particular hydrological regime, emergent communities dominated by a variety of tall or tussocky species tolerant of brackish or saline conditions. It is distributed in both the continental part of Europe and the arid Mediterranean region, where it can dry out completely in the summer and become hyper-saline. Threats include land reclamation for agricultural and urban expansion, anthropogenic changes in hydrology, and the input of freshwater to serve waterfowl hunting or ecotourism in dry areas. Safeguarding the distinctive hydrology and controlling the spread of helophytes by grazing are the main conservation actions.",EUNIS terrestrial habitat classification review v1 (2021; updated 2023),https://doi.org/10.2909/bfe4c237-e378-4a83-ab21-b3807f96c2e2,d7ed5483bfc38804ba9c6039b73e5c75801f7e7e905b8118f55999f1b516744a,CC-BY-4.0
R11,Pannonian and Pontic sandy steppe,"Rather open steppe grassland dominated by perennial tussock grasses and herbs, with frequent spring annuals and cryptogams, typical of nutrient-poor, sandy soils on plains and dunes through the Pannonian, Pontic and southern Baltic regions. The climate is continental with cold winters, often with long frosts and shallow snow, and hot, droughty summers. Traditionally used for extensive grazing by stock, particularly sheep, but now widely abandoned.
Remark: This habitat also occurs at some sites in the southern Baltic area (north of the Carpathians); therefore, an addition of the Sarmatic region in the habitat name can be considered.","Pannonian and Pontic sandy steppe
Rather open steppe grassland dominated by perennial tussock grasses and herbs, with frequent spring annuals and cryptogams, typical of nutrient-poor, sandy soils on plains and dunes through the Pannonian, Pontic and southern Baltic regions. The climate is continental with cold winters, often with long frosts and shallow snow, and hot, droughty summers. Traditionally used for extensive grazing by stock, particularly sheep, but now widely abandoned.
Remark: This habitat also occurs at some sites in the southern Baltic area (north of the Carpathians); therefore, an addition of the Sarmatic region in the habitat name can be considered.",EUNIS terrestrial habitat classification review v1 (2021; updated 2023),https://doi.org/10.2909/bfe4c237-e378-4a83-ab21-b3807f96c2e2,d7ed5483bfc38804ba9c6039b73e5c75801f7e7e905b8118f55999f1b516744a,CC-BY-4.0
R12,Cryptogam- and annual-dominated vegetation on siliceous rock outcrops,"Open pioneer grassland dominated by perennial succulents and annuals, with subordinate small tussock grasses, sometimes geophytes and often a prominent contingent of cryptogams. Typically forming small stands on very shallow and skeletal, impoverished, acid soils on siliceous rock outcrops, eroded slopes and disturbed or artificial habitats like soil heaps and wall tops, the habitat occurs throughout temperate and boreal Europe up to the subalpine belt, in situations where the permeable soils dry quickly in summer, but where spring rains can permit a quick flush of growth by the annuals.","Cryptogam- and annual-dominated vegetation on siliceous rock outcrops
Open pioneer grassland dominated by perennial succulents and annuals, with subordinate small tussock grasses, sometimes geophytes and often a prominent contingent of cryptogams. Typically forming small stands on very shallow and skeletal, impoverished, acid soils on siliceous rock outcrops, eroded slopes and disturbed or artificial habitats like soil heaps and wall tops, the habitat occurs throughout temperate and boreal Europe up to the subalpine belt, in situations where the permeable soils dry quickly in summer, but where spring rains can permit a quick flush of growth by the annuals.",EUNIS terrestrial habitat classification review v1 (2021; updated 2023),https://doi.org/10.2909/bfe4c237-e378-4a83-ab21-b3807f96c2e2,d7ed5483bfc38804ba9c6039b73e5c75801f7e7e905b8118f55999f1b516744a,CC-BY-4.0
R13,Cryptogam- and annual-dominated vegetation on calcareous and ultramafic rock outcrops,"Open pioneer grassland with perennial succulents and spring annuals, subordinate small tussock grasses and herbs, and often with a very prominent and rich contingent of cryptogams. Typically found in small patches on very shallow and skeletal, impoverished, base-rich soils on a wide variety of base-rich and sometimes ultramafic bedrocks, and similar artificial habitats like quarry spoil and wall-tops. It is found from the hemiboreal to the submediterranean zone, occurring mainly at higher altitudes further south.","Cryptogam- and annual-dominated vegetation on calcareous and ultramafic rock outcrops
Open pioneer grassland with perennial succulents and spring annuals, subordinate small tussock grasses and herbs, and often with a very prominent and rich contingent of cryptogams. Typically found in small patches on very shallow and skeletal, impoverished, base-rich soils on a wide variety of base-rich and sometimes ultramafic bedrocks, and similar artificial habitats like quarry spoil and wall-tops. It is found from the hemiboreal to the submediterranean zone, occurring mainly at higher altitudes further south.",EUNIS terrestrial habitat classification review v1 (2021; updated 2023),https://doi.org/10.2909/bfe4c237-e378-4a83-ab21-b3807f96c2e2,d7ed5483bfc38804ba9c6039b73e5c75801f7e7e905b8118f55999f1b516744a,CC-BY-4.0
R14,Perennial rocky grassland of the Italian Peninsula,"Unique to base-rich bedrocks in the Italian Peninsula and Sicily, best developed within the submediterranean bioclimatic zone, this grassland is variously dominated by perennial grasses and herbs, or mat formers and sub-shrubs on steeper, rockier ground. Generally species-rich, and sometimes with contingents of annuals and, in disturbed places, geophytes, the habitat sometimes hosts endemic plants. Developed through clearance of broadleaved and mixed forest it is maintained by traditional grazing in a distinctive cultural landscape.","Perennial rocky grassland of the Italian Peninsula
Unique to base-rich bedrocks in the Italian Peninsula and Sicily, best developed within the submediterranean bioclimatic zone, this grassland is variously dominated by perennial grasses and herbs, or mat formers and sub-shrubs on steeper, rockier ground. Generally species-rich, and sometimes with contingents of annuals and, in disturbed places, geophytes, the habitat sometimes hosts endemic plants. Developed through clearance of broadleaved and mixed forest it is maintained by traditional grazing in a distinctive cultural landscape.",EUNIS terrestrial habitat classification review v1 (2021; updated 2023),https://doi.org/10.2909/bfe4c237-e378-4a83-ab21-b3807f96c2e2,d7ed5483bfc38804ba9c6039b73e5c75801f7e7e905b8118f55999f1b516744a,CC-BY-4.0
R16,Perennial rocky grassland of Central and South-Eastern Europe,"Open grassland generally dominated by perennial grasses with rich mixtures of associated rosette herbs, mat-formers and geophytes, and especially towards Southern Europe, annuals. It occurs on shallow, impoverished soils over both calcareous and siliceous bedrocks, through the lowlands and submontane zone of Central and Southern Europe, best developed on steeper ground unsuited for agriculture, but extended where forest clearance and grazing, particularly by goats, have been part of traditional farming.","Perennial rocky grassland of Central and South-Eastern Europe
Open grassland generally dominated by perennial grasses with rich mixtures of associated rosette herbs, mat-formers and geophytes, and especially towards Southern Europe, annuals. It occurs on shallow, impoverished soils over both calcareous and siliceous bedrocks, through the lowlands and submontane zone of Central and Southern Europe, best developed on steeper ground unsuited for agriculture, but extended where forest clearance and grazing, particularly by goats, have been part of traditional farming.",EUNIS terrestrial habitat classification review v1 (2021; updated 2023),https://doi.org/10.2909/bfe4c237-e378-4a83-ab21-b3807f96c2e2,d7ed5483bfc38804ba9c6039b73e5c75801f7e7e905b8118f55999f1b516744a,CC-BY-4.0
R17,Heavy-metal dry grassland of the Balkans,"Grassland confined to dry, nutrient-poor soils rich in heavy metals derived from ultramafic bedrock in the mountains of the Balkans, Euboea and Cyprus with an open cover of grasses and forbs, including many endemics.","Heavy-metal dry grassland of the Balkans
Grassland confined to dry, nutrient-poor soils rich in heavy metals derived from ultramafic bedrock in the mountains of the Balkans, Euboea and Cyprus with an open cover of grasses and forbs, including many endemics.",EUNIS terrestrial habitat classification review v1 (2021; updated 2023),https://doi.org/10.2909/bfe4c237-e378-4a83-ab21-b3807f96c2e2,d7ed5483bfc38804ba9c6039b73e5c75801f7e7e905b8118f55999f1b516744a,CC-BY-4.0
R18,Perennial rocky calcareous grassland of subatlantic-submediterranean Europe,"Open grassland dominated by perennials and especially rich in mat-formers, typical of rudimentary, shallow, nutrient-poor, base-rich soils over sloping, rubbly limestone terrain. It occurs in the lowland to submontane belts in subatlantic and submediterranean Western Europe, including some areas at higher altitudes in the Western Mediterranean mountains, which were traditionally maintained by extensive grazing.","Perennial rocky calcareous grassland of subatlantic-submediterranean Europe
Open grassland dominated by perennials and especially rich in mat-formers, typical of rudimentary, shallow, nutrient-poor, base-rich soils over sloping, rubbly limestone terrain. It occurs in the lowland to submontane belts in subatlantic and submediterranean Western Europe, including some areas at higher altitudes in the Western Mediterranean mountains, which were traditionally maintained by extensive grazing.",EUNIS terrestrial habitat classification review v1 (2021; updated 2023),https://doi.org/10.2909/bfe4c237-e378-4a83-ab21-b3807f96c2e2,d7ed5483bfc38804ba9c6039b73e5c75801f7e7e905b8118f55999f1b516744a,CC-BY-4.0
R19,Dry steppic submediterranean pasture of the Amphi-Adriatic region,"Dry steppic pasture typical of sharply-draining, base-rich soils developed over valley sides, dolines and sink-holes around the Adriatic seaboards where the submediterranean climate is characterised by late autumn and spring rains and summer drought. Dominated by often rich mixtures of graminoids, forbs and mat-formers, the habitat is dependent on extensive grazing and now often survives patchily among mosaics of scrub and forest.","Dry steppic submediterranean pasture of the Amphi-Adriatic region
Dry steppic pasture typical of sharply-draining, base-rich soils developed over valley sides, dolines and sink-holes around the Adriatic seaboards where the submediterranean climate is characterised by late autumn and spring rains and summer drought. Dominated by often rich mixtures of graminoids, forbs and mat-formers, the habitat is dependent on extensive grazing and now often survives patchily among mosaics of scrub and forest.",EUNIS terrestrial habitat classification review v1 (2021; updated 2023),https://doi.org/10.2909/bfe4c237-e378-4a83-ab21-b3807f96c2e2,d7ed5483bfc38804ba9c6039b73e5c75801f7e7e905b8118f55999f1b516744a,CC-BY-4.0
R1A,Semi-dry perennial calcareous grassland (meadow steppe),"Semi-natural grassland on deeper and not so drought-prone, nutrient-poor, base-rich soils over limestone throughout the lowlands and submontane belts of submediterranean to hemiboreal Europe. Generally closed and dominated by mixtures of graminoids and forbs, often extremely species-rich, with many rare plants and sometimes striking contingents of orchids and varying much across the large range with different sets of continental or submediterranean companions. Dependent on extensive grazing, usually with sheep, or on an annual mowing, and often developed over centuries of traditional pastoralism, contributing to some striking cultural landscapes.","Semi-dry perennial calcareous grassland (meadow steppe)
Semi-natural grassland on deeper and not so drought-prone, nutrient-poor, base-rich soils over limestone throughout the lowlands and submontane belts of submediterranean to hemiboreal Europe. Generally closed and dominated by mixtures of graminoids and forbs, often extremely species-rich, with many rare plants and sometimes striking contingents of orchids and varying much across the large range with different sets of continental or submediterranean companions. Dependent on extensive grazing, usually with sheep, or on an annual mowing, and often developed over centuries of traditional pastoralism, contributing to some striking cultural landscapes.",EUNIS terrestrial habitat classification review v1 (2021; updated 2023),https://doi.org/10.2909/bfe4c237-e378-4a83-ab21-b3807f96c2e2,d7ed5483bfc38804ba9c6039b73e5c75801f7e7e905b8118f55999f1b516744a,CC-BY-4.0
R1B,Continental dry grassland (true steppe),"Steppe and steppe-like grassland on mostly base-rich soils over limestones, of varying depth and stoniness, occurring through the lowland to submontane belts of continental Europe. Dominated by plants adapted to long periods of summer drought, mostly tall tussock grasses and perennial forbs, it shows wide variation in species composition and particular topographic location across the substantial range. In more extreme situations, the grasslands are natural, but they often sustain extensive grazing.
Remark: This habitat also includes many dry grasslands that are not “true steppe”. Therefore the name should be changed, e.g. Continental steppic grassland (including the true steppe). For the steppe zone, this habitat is probably too broad. It includes specific types on rock outcrops (petrophytic steppe) and on solonetz soil (solonetz steppe), each of them with a distinct group of specialist species. These types need to be considered as a potential addition to the EUNIS classification system in the future.","Continental dry grassland (true steppe)
Steppe and steppe-like grassland on mostly base-rich soils over limestones, of varying depth and stoniness, occurring through the lowland to submontane belts of continental Europe. Dominated by plants adapted to long periods of summer drought, mostly tall tussock grasses and perennial forbs, it shows wide variation in species composition and particular topographic location across the substantial range. In more extreme situations, the grasslands are natural, but they often sustain extensive grazing.
Remark: This habitat also includes many dry grasslands that are not “true steppe”. Therefore the name should be changed, e.g. Continental steppic grassland (including the true steppe). For the steppe zone, this habitat is probably too broad. It includes specific types on rock outcrops (petrophytic steppe) and on solonetz soil (solonetz steppe), each of them with a distinct group of specialist species. These types need to be considered as a potential addition to the EUNIS classification system in the future.",EUNIS terrestrial habitat classification review v1 (2021; updated 2023),https://doi.org/10.2909/bfe4c237-e378-4a83-ab21-b3807f96c2e2,d7ed5483bfc38804ba9c6039b73e5c75801f7e7e905b8118f55999f1b516744a,CC-BY-4.0
R1D,Mediterranean closely grazed dry grassland,"Heavily-grazed pasture of the Mediterranean Basin, mostly on silt and clay soils in the lowlands, dominated by rosette plants, various Fabaceae species and small grasses tolerant of intensive herbivory and trampling. The soils are dry in summer which helps exclude nitrophilous plants that might be encouraged by manuring but, refreshed by autumn rains, the herbage remains green and productive through the winter, providing valuable forage. Companion plants vary widely across the large range.","Mediterranean closely grazed dry grassland
Heavily-grazed pasture of the Mediterranean Basin, mostly on silt and clay soils in the lowlands, dominated by rosette plants, various Fabaceae species and small grasses tolerant of intensive herbivory and trampling. The soils are dry in summer which helps exclude nitrophilous plants that might be encouraged by manuring but, refreshed by autumn rains, the herbage remains green and productive through the winter, providing valuable forage. Companion plants vary widely across the large range.",EUNIS terrestrial habitat classification review v1 (2021; updated 2023),https://doi.org/10.2909/bfe4c237-e378-4a83-ab21-b3807f96c2e2,d7ed5483bfc38804ba9c6039b73e5c75801f7e7e905b8118f55999f1b516744a,CC-BY-4.0
R1E,Mediterranean tall perennial dry grassland,"Grassland on base-rich soils over various types of calcareous bedrock through the Mediterranean region, where grazing and trampling sustain open or closed swards, generally dominated by tall, dense tussock grasses that lend a steppe-like character. Summer drought and disturbance by grazing and burning help prevent reversion to a forest but can encourage the invasion of aliens.","Mediterranean tall perennial dry grassland
Grassland on base-rich soils over various types of calcareous bedrock through the Mediterranean region, where grazing and trampling sustain open or closed swards, generally dominated by tall, dense tussock grasses that lend a steppe-like character. Summer drought and disturbance by grazing and burning help prevent reversion to a forest but can encourage the invasion of aliens.",EUNIS terrestrial habitat classification review v1 (2021; updated 2023),https://doi.org/10.2909/bfe4c237-e378-4a83-ab21-b3807f96c2e2,d7ed5483bfc38804ba9c6039b73e5c75801f7e7e905b8118f55999f1b516744a,CC-BY-4.0
R1F,Mediterranean annual-rich dry grassland,"Usually ephemeral vegetation related to the yearly cycle of spring rains and summer drought through the Mediterranean where a high diversity of small annual plants make a brief colourful appearance on bare patches of mainly base-rich soils. The species composition varies greatly, according to the particular regional terrain and climate and the impact of traditional pastoralism.","Mediterranean annual-rich dry grassland
Usually ephemeral vegetation related to the yearly cycle of spring rains and summer drought through the Mediterranean where a high diversity of small annual plants make a brief colourful appearance on bare patches of mainly base-rich soils. The species composition varies greatly, according to the particular regional terrain and climate and the impact of traditional pastoralism.",EUNIS terrestrial habitat classification review v1 (2021; updated 2023),https://doi.org/10.2909/bfe4c237-e378-4a83-ab21-b3807f96c2e2,d7ed5483bfc38804ba9c6039b73e5c75801f7e7e905b8118f55999f1b516744a,CC-BY-4.0
R1M,"Lowland to montane, dry to mesic grassland usually dominated by Nardus stricta","Usually dominated by the tightly tussocky Nardus stricta, this grassland is characteristic of nutrient-poor, acidic soils, sometimes seasonally wet, on siliceous substrates through the entire lowlands and submontane belts of temperate Europe, though optimally developed in the cooler and rainier climate of the Atlantic region. Other grasses may share dominance, but the associated flora is generally rather species-poor and related to the type and intensity of grazing.","Lowland to montane, dry to mesic grassland usually dominated by Nardus stricta
Usually dominated by the tightly tussocky Nardus stricta, this grassland is characteristic of nutrient-poor, acidic soils, sometimes seasonally wet, on siliceous substrates through the entire lowlands and submontane belts of temperate Europe, though optimally developed in the cooler and rainier climate of the Atlantic region. Other grasses may share dominance, but the associated flora is generally rather species-poor and related to the type and intensity of grazing.",EUNIS terrestrial habitat classification review v1 (2021; updated 2023),https://doi.org/10.2909/bfe4c237-e378-4a83-ab21-b3807f96c2e2,d7ed5483bfc38804ba9c6039b73e5c75801f7e7e905b8118f55999f1b516744a,CC-BY-4.0
R1N,Open Iberian supramediterranean dry acid and neutral grassland,"Dominated by small tussock grasses, forbs and mat-formers, including many endemics, this grassland occurs on shallow skeletal soils, nutrient-poor and drought-prone, developed over outcrops of siliceous and ultramafic bedrocks at moderate to high altitudes in the western Iberian Peninsula. The habitat is a traditional part of pastoral landscapes grazed mostly by sheep.","Open Iberian supramediterranean dry acid and neutral grassland
Dominated by small tussock grasses, forbs and mat-formers, including many endemics, this grassland occurs on shallow skeletal soils, nutrient-poor and drought-prone, developed over outcrops of siliceous and ultramafic bedrocks at moderate to high altitudes in the western Iberian Peninsula. The habitat is a traditional part of pastoral landscapes grazed mostly by sheep.",EUNIS terrestrial habitat classification review v1 (2021; updated 2023),https://doi.org/10.2909/bfe4c237-e378-4a83-ab21-b3807f96c2e2,d7ed5483bfc38804ba9c6039b73e5c75801f7e7e905b8118f55999f1b516744a,CC-BY-4.0
R1P,Oceanic to subcontinental inland sand grassland on dry acid and neutral soils,"Moderately open to closed grassland on nutrient-poor sandy soils, mostly acid to neutral though sometimes calcareous, on plains, river terraces and cliffs through the lowlands and submontane belts of temperate Europe. Narrow-leaved, tussocky graminoids dominate, associated herbs can be numerous and more open swards can have rich annual and cryptogam floras. Across the wide range, there is considerable variety among the dominants and companions, and the extreme topoclimate can provide a western outpost for steppe elements.","Oceanic to subcontinental inland sand grassland on dry acid and neutral soils
Moderately open to closed grassland on nutrient-poor sandy soils, mostly acid to neutral though sometimes calcareous, on plains, river terraces and cliffs through the lowlands and submontane belts of temperate Europe. Narrow-leaved, tussocky graminoids dominate, associated herbs can be numerous and more open swards can have rich annual and cryptogam floras. Across the wide range, there is considerable variety among the dominants and companions, and the extreme topoclimate can provide a western outpost for steppe elements.",EUNIS terrestrial habitat classification review v1 (2021; updated 2023),https://doi.org/10.2909/bfe4c237-e378-4a83-ab21-b3807f96c2e2,d7ed5483bfc38804ba9c6039b73e5c75801f7e7e905b8118f55999f1b516744a,CC-BY-4.0
R1Q,Inland sanddrift and dune with siliceous grassland,"Usually sparse grasslands on sand drifts among inland dunes and other open landscapes, mainly in the northern Central European lowlands, where the nutrient-poor and highly acidic surface is prone to wind erosion and hot droughty summers, forming a highly distinctive shifting-dune landscape. Soil development is very slow, pioneer bryophyte vegetation succeeded by an open cover of small tussock grasses, often with rich contingents of lichens on the compacted surface. Military training zones and abandoned lignite areas provide a new environment for the development of these grasslands.","Inland sanddrift and dune with siliceous grassland
Usually sparse grasslands on sand drifts among inland dunes and other open landscapes, mainly in the northern Central European lowlands, where the nutrient-poor and highly acidic surface is prone to wind erosion and hot droughty summers, forming a highly distinctive shifting-dune landscape. Soil development is very slow, pioneer bryophyte vegetation succeeded by an open cover of small tussock grasses, often with rich contingents of lichens on the compacted surface. Military training zones and abandoned lignite areas provide a new environment for the development of these grasslands.",EUNIS terrestrial habitat classification review v1 (2021; updated 2023),https://doi.org/10.2909/bfe4c237-e378-4a83-ab21-b3807f96c2e2,d7ed5483bfc38804ba9c6039b73e5c75801f7e7e905b8118f55999f1b516744a,CC-BY-4.0
R1R,"Mediterranean to Atlantic open, dry, acid and neutral grassland","Usually ephemeral vegetation related to the yearly cycle of spring rains and summer drought through the western Mediterranean and more fragmentarily into the Atlantic and continental areas where a high diversity of small annual plants make a brief, colourful appearance on bare patches of nutrient-poor, acidic soils. Typically, the habitat occurs as small patches in intimate mosaics with heath and scrub and has provided a valuable supplementary resource for sheep at lambing time.","Mediterranean to Atlantic open, dry, acid and neutral grassland
Usually ephemeral vegetation related to the yearly cycle of spring rains and summer drought through the western Mediterranean and more fragmentarily into the Atlantic and continental areas where a high diversity of small annual plants make a brief, colourful appearance on bare patches of nutrient-poor, acidic soils. Typically, the habitat occurs as small patches in intimate mosaics with heath and scrub and has provided a valuable supplementary resource for sheep at lambing time.",EUNIS terrestrial habitat classification review v1 (2021; updated 2023),https://doi.org/10.2909/bfe4c237-e378-4a83-ab21-b3807f96c2e2,d7ed5483bfc38804ba9c6039b73e5c75801f7e7e905b8118f55999f1b516744a,CC-BY-4.0
R1S,Heavy-metal grassland in Western and Central Europe,"Short open sward with a distinctive metallophyte component, occurring on shallow, skeletal soils over natural rock exposures with heavy metals in western and Central Europe, on mine spoil or ground contaminated by dust and waters from such sources. Typically it occurs in small patches in the landscapes, colonising slowly and sustained by the extreme environment. Sometimes it is dependent on grazing by wild herbivores that maintain early successional stages that are richer in cryptogams.","Heavy-metal grassland in Western and Central Europe
Short open sward with a distinctive metallophyte component, occurring on shallow, skeletal soils over natural rock exposures with heavy metals in western and Central Europe, on mine spoil or ground contaminated by dust and waters from such sources. Typically it occurs in small patches in the landscapes, colonising slowly and sustained by the extreme environment. Sometimes it is dependent on grazing by wild herbivores that maintain early successional stages that are richer in cryptogams.",EUNIS terrestrial habitat classification review v1 (2021; updated 2023),https://doi.org/10.2909/bfe4c237-e378-4a83-ab21-b3807f96c2e2,d7ed5483bfc38804ba9c6039b73e5c75801f7e7e905b8118f55999f1b516744a,CC-BY-4.0
R21,Mesic permanent pasture of lowlands and mountains,"The most common and widespread kind of traditionally managed pasture on deeper, well-drained mesic soils throughout temperate Europe, with many local types related to regional climate, terrain and pastoral traditions. Typically dominated by mixtures of productive grasses and herbs, it can be species-rich with distinctive scarce and rare plants where low input grazing and manuring are maintained. Often once part of wider pastoral landscapes with associated meadows, it is now widely transformed by intensive grazing.","Mesic permanent pasture of lowlands and mountains
The most common and widespread kind of traditionally managed pasture on deeper, well-drained mesic soils throughout temperate Europe, with many local types related to regional climate, terrain and pastoral traditions. Typically dominated by mixtures of productive grasses and herbs, it can be species-rich with distinctive scarce and rare plants where low input grazing and manuring are maintained. Often once part of wider pastoral landscapes with associated meadows, it is now widely transformed by intensive grazing.",EUNIS terrestrial habitat classification review v1 (2021; updated 2023),https://doi.org/10.2909/bfe4c237-e378-4a83-ab21-b3807f96c2e2,d7ed5483bfc38804ba9c6039b73e5c75801f7e7e905b8118f55999f1b516744a,CC-BY-4.0
R22,Low and medium altitude hay meadow,"The most common and widespread kind of traditionally managed meadow in deeper, well-drained mesic soils throughout the lowlands and foothills of temperate Europe, with many local types differing according to regional climate, terrain and mowing traditions. Typically dominated by mixtures of productive grasses and herbs, it can be very species-rich with distinctive scarce and rare plants where traditional regimes of mowing, grazing and manuring are maintained. Often once part of wider agricultural landscapes with associated pastures, it is now widely transformed by shifts to silage production and transitions to intensive silage grasslands are commonplace.","Low and medium altitude hay meadow
The most common and widespread kind of traditionally managed meadow in deeper, well-drained mesic soils throughout the lowlands and foothills of temperate Europe, with many local types differing according to regional climate, terrain and mowing traditions. Typically dominated by mixtures of productive grasses and herbs, it can be very species-rich with distinctive scarce and rare plants where traditional regimes of mowing, grazing and manuring are maintained. Often once part of wider agricultural landscapes with associated pastures, it is now widely transformed by shifts to silage production and transitions to intensive silage grasslands are commonplace.",EUNIS terrestrial habitat classification review v1 (2021; updated 2023),https://doi.org/10.2909/bfe4c237-e378-4a83-ab21-b3807f96c2e2,d7ed5483bfc38804ba9c6039b73e5c75801f7e7e905b8118f55999f1b516744a,CC-BY-4.0
R31,Mediterranean tall humid inland grassland,"Rush- and tall grass-dominated vegetation of seasonally waterlogged soils, mostly acidic and slightly saline, occurring in depressions throughout the Mediterranean Basin. Though not dependent on grazing, it can be a valuable source of fodder for cattle and sheep in traditional pastoral systems during summer when other pastures are dried up.","Mediterranean tall humid inland grassland
Rush- and tall grass-dominated vegetation of seasonally waterlogged soils, mostly acidic and slightly saline, occurring in depressions throughout the Mediterranean Basin. Though not dependent on grazing, it can be a valuable source of fodder for cattle and sheep in traditional pastoral systems during summer when other pastures are dried up.",EUNIS terrestrial habitat classification review v1 (2021; updated 2023),https://doi.org/10.2909/bfe4c237-e378-4a83-ab21-b3807f96c2e2,d7ed5483bfc38804ba9c6039b73e5c75801f7e7e905b8118f55999f1b516744a,CC-BY-4.0
R32,Mediterranean short moist grassland of lowlands,"Short species-rich swards dominated by graminoids, traditionally sustained by heavy grazing, on clay soils through the Mediterranean region where there is winter waterlogging and distinctive surface cracking in the droughty summer.","Mediterranean short moist grassland of lowlands
Short species-rich swards dominated by graminoids, traditionally sustained by heavy grazing, on clay soils through the Mediterranean region where there is winter waterlogging and distinctive surface cracking in the droughty summer.",EUNIS terrestrial habitat classification review v1 (2021; updated 2023),https://doi.org/10.2909/bfe4c237-e378-4a83-ab21-b3807f96c2e2,d7ed5483bfc38804ba9c6039b73e5c75801f7e7e905b8118f55999f1b516744a,CC-BY-4.0
R34,Submediterranean moist meadow,"Moist meadows of sandy to clayey, mesotrophic to eutrophic soils on riverside terraces and gentle slopes, mainly in the lowland to submontane belts of South-Eastern Europe, extending westwards to central Italy. Winter and spring flooding is common, but later in the season the ground may dry up and become locally saline. The species composition reflects regional differences in temperature and rainfall, but patterns of mowing and grazing can also affect the species composition.","Submediterranean moist meadow
Moist meadows of sandy to clayey, mesotrophic to eutrophic soils on riverside terraces and gentle slopes, mainly in the lowland to submontane belts of South-Eastern Europe, extending westwards to central Italy. Winter and spring flooding is common, but later in the season the ground may dry up and become locally saline. The species composition reflects regional differences in temperature and rainfall, but patterns of mowing and grazing can also affect the species composition.",EUNIS terrestrial habitat classification review v1 (2021; updated 2023),https://doi.org/10.2909/bfe4c237-e378-4a83-ab21-b3807f96c2e2,d7ed5483bfc38804ba9c6039b73e5c75801f7e7e905b8118f55999f1b516744a,CC-BY-4.0
R35,Moist or wet mesotrophic to eutrophic hay meadow,"Meadows of moist, sometimes seasonally flooded, nutrient-rich soils on floodplains and in brook-valleys throughout the lowland to submontane belts of Europe. Traditionally cut for hay, though sometimes also lightly grazed in late summer and autumn, the vegetation is often species-rich with a diverse associated invertebrate fauna attracted by the abundance of flowers. Often once part of wider agricultural landscapes with associated pastures, good examples of the habitat now often survive more fragmentarily, and transitions to improved silage grassland on flood-protected land are widespread.","Moist or wet mesotrophic to eutrophic hay meadow
Meadows of moist, sometimes seasonally flooded, nutrient-rich soils on floodplains and in brook-valleys throughout the lowland to submontane belts of Europe. Traditionally cut for hay, though sometimes also lightly grazed in late summer and autumn, the vegetation is often species-rich with a diverse associated invertebrate fauna attracted by the abundance of flowers. Often once part of wider agricultural landscapes with associated pastures, good examples of the habitat now often survive more fragmentarily, and transitions to improved silage grassland on flood-protected land are widespread.",EUNIS terrestrial habitat classification review v1 (2021; updated 2023),https://doi.org/10.2909/bfe4c237-e378-4a83-ab21-b3807f96c2e2,d7ed5483bfc38804ba9c6039b73e5c75801f7e7e905b8118f55999f1b516744a,CC-BY-4.0
R36,Moist or wet mesotrophic to eutrophic pasture,"Pastures of moist to wet, mesotrophic to eutrophic soils, generally inundated during winter and spring, on floodplains, lake shores and ditch sides throughout temperate Europe, sometimes with a brackish influence. Grazing is mostly by cattle which can strongly affect the nutrient status, and compaction of the soil and plants tolerant of inundation and trampling dominate here with a paucity of attractive flowers and a poor associated invertebrate fauna.","Moist or wet mesotrophic to eutrophic pasture
Pastures of moist to wet, mesotrophic to eutrophic soils, generally inundated during winter and spring, on floodplains, lake shores and ditch sides throughout temperate Europe, sometimes with a brackish influence. Grazing is mostly by cattle which can strongly affect the nutrient status, and compaction of the soil and plants tolerant of inundation and trampling dominate here with a paucity of attractive flowers and a poor associated invertebrate fauna.",EUNIS terrestrial habitat classification review v1 (2021; updated 2023),https://doi.org/10.2909/bfe4c237-e378-4a83-ab21-b3807f96c2e2,d7ed5483bfc38804ba9c6039b73e5c75801f7e7e905b8118f55999f1b516744a,CC-BY-4.0
R37,Temperate and boreal moist or wet oligotrophic grassland,"Meadows and pastures of less nutrient-rich soils, wet for much of the year, though not inundated by flood-waters and drying out in summer, especially in more continental regions. The soils may be somewhat acidic to base-rich, sometimes peaty above, and through the lowland to submontane belts of Europe, they have been part of wider landscapes among fens and drier grasslands. Less productive than flood meadows, they are mown just once a year, and towards the west of the range, often just lightly grazed, but they can be species-rich with some characteristic and striking species.","Temperate and boreal moist or wet oligotrophic grassland
Meadows and pastures of less nutrient-rich soils, wet for much of the year, though not inundated by flood-waters and drying out in summer, especially in more continental regions. The soils may be somewhat acidic to base-rich, sometimes peaty above, and through the lowland to submontane belts of Europe, they have been part of wider landscapes among fens and drier grasslands. Less productive than flood meadows, they are mown just once a year, and towards the west of the range, often just lightly grazed, but they can be species-rich with some characteristic and striking species.",EUNIS terrestrial habitat classification review v1 (2021; updated 2023),https://doi.org/10.2909/bfe4c237-e378-4a83-ab21-b3807f96c2e2,d7ed5483bfc38804ba9c6039b73e5c75801f7e7e905b8118f55999f1b516744a,CC-BY-4.0
R45,Alpine and subalpine calcareous grassland of the Balkans and Apennines,Grass-dominated vegetation of base-rich soils in the high mountains in the Balkans and Apennines including both primary vegetation above the tree line but also secondary grasslands maintained by grazing at lower altitudes.,"Alpine and subalpine calcareous grassland of the Balkans and Apennines
Grass-dominated vegetation of base-rich soils in the high mountains in the Balkans and Apennines including both primary vegetation above the tree line but also secondary grasslands maintained by grazing at lower altitudes.",EUNIS terrestrial habitat classification review v1 (2021; updated 2023),https://doi.org/10.2909/bfe4c237-e378-4a83-ab21-b3807f96c2e2,d7ed5483bfc38804ba9c6039b73e5c75801f7e7e905b8118f55999f1b516744a,CC-BY-4.0
R51,Thermophilous forest fringe of base-rich soils,"Fringe communities on neutral to base-rich, only moderately nutrient-rich soils in the transition zone between forests or scrub and open habitats or in similar situations alongside cliffs and on roadsides. They occur across large parts of lowland North-Western Europe, but also extending into more continental regions where they fringe more open thermophilous forests, and into cooler montane levels to the south and south-east. Typically comprising half-shade plants, other species of neighbouring habitats can also find a place and, in calcareous landscapes, the vegetation can be very species-rich, harbouring many rare and/or endangered species. This vegetation depends on grazing or mowing to prevent succession.","Thermophilous forest fringe of base-rich soils
Fringe communities on neutral to base-rich, only moderately nutrient-rich soils in the transition zone between forests or scrub and open habitats or in similar situations alongside cliffs and on roadsides. They occur across large parts of lowland North-Western Europe, but also extending into more continental regions where they fringe more open thermophilous forests, and into cooler montane levels to the south and south-east. Typically comprising half-shade plants, other species of neighbouring habitats can also find a place and, in calcareous landscapes, the vegetation can be very species-rich, harbouring many rare and/or endangered species. This vegetation depends on grazing or mowing to prevent succession.",EUNIS terrestrial habitat classification review v1 (2021; updated 2023),https://doi.org/10.2909/bfe4c237-e378-4a83-ab21-b3807f96c2e2,d7ed5483bfc38804ba9c6039b73e5c75801f7e7e905b8118f55999f1b516744a,CC-BY-4.0
R52,Forest fringe of acidic nutrient-poor soils,"Fringe vegetation of semi-shaded forest margins and similar situations on acidic, nutrient-poor soils in the cooler Atlantic, subatlantic and subcontinental regions of Europe, becoming rare and more species-poor in Eastern Europe. It is generally dominated by bulky grasses and tall forbs, rather species-poor, and ultimately dependent on extensive grazing or occasional mowing to prevent encroachment by shrubs and trees that threaten denser shade.","Forest fringe of acidic nutrient-poor soils
Fringe vegetation of semi-shaded forest margins and similar situations on acidic, nutrient-poor soils in the cooler Atlantic, subatlantic and subcontinental regions of Europe, becoming rare and more species-poor in Eastern Europe. It is generally dominated by bulky grasses and tall forbs, rather species-poor, and ultimately dependent on extensive grazing or occasional mowing to prevent encroachment by shrubs and trees that threaten denser shade.",EUNIS terrestrial habitat classification review v1 (2021; updated 2023),https://doi.org/10.2909/bfe4c237-e378-4a83-ab21-b3807f96c2e2,d7ed5483bfc38804ba9c6039b73e5c75801f7e7e905b8118f55999f1b516744a,CC-BY-4.0
R54,Pteridium aquilinum vegetation,"Dense species-poor stands of bracken (Pteridium aquilinum), naturally a lowland European forest fern which, when not held in check by dense shade and lacking the traditional management of cutting and trampling by cattle, readily establishes itself as a dominant in non-forest land. It spreads vigorously by rhizome extension and produces a deep litter layer. It is common in many pastoral landscapes that are less traditionally managed than before. It can also dominate in areas of burned forest.","Pteridium aquilinum vegetation
Dense species-poor stands of bracken (Pteridium aquilinum), naturally a lowland European forest fern which, when not held in check by dense shade and lacking the traditional management of cutting and trampling by cattle, readily establishes itself as a dominant in non-forest land. It spreads vigorously by rhizome extension and produces a deep litter layer. It is common in many pastoral landscapes that are less traditionally managed than before. It can also dominate in areas of burned forest.",EUNIS terrestrial habitat classification review v1 (2021; updated 2023),https://doi.org/10.2909/bfe4c237-e378-4a83-ab21-b3807f96c2e2,d7ed5483bfc38804ba9c6039b73e5c75801f7e7e905b8118f55999f1b516744a,CC-BY-4.0
R55,Lowland moist or wet tall-herb and fern fringe,"Tall-herb and fern-dominated communities of moist, sometimes flooded nutrient-rich soils in the lowlands and low mountain areas of Europe, up to the subalpine zone, through the temperate, boreal and submediterranean regions. The relatively species-rich vegetation may be found in river floodplains, along smaller watercourses, in the shade at the edge of forests, often as narrow strips, and, as secondary vegetation after the abandonment of pastures and especially meadows. The species composition is quite diverse, depending on the altitude, geographic distribution and location in the landscape.","Lowland moist or wet tall-herb and fern fringe
Tall-herb and fern-dominated communities of moist, sometimes flooded nutrient-rich soils in the lowlands and low mountain areas of Europe, up to the subalpine zone, through the temperate, boreal and submediterranean regions. The relatively species-rich vegetation may be found in river floodplains, along smaller watercourses, in the shade at the edge of forests, often as narrow strips, and, as secondary vegetation after the abandonment of pastures and especially meadows. The species composition is quite diverse, depending on the altitude, geographic distribution and location in the landscape.",EUNIS terrestrial habitat classification review v1 (2021; updated 2023),https://doi.org/10.2909/bfe4c237-e378-4a83-ab21-b3807f96c2e2,d7ed5483bfc38804ba9c6039b73e5c75801f7e7e905b8118f55999f1b516744a,CC-BY-4.0
R57,Herbaceous forest clearing vegetation,Tall forb and fern-rich as well as low-grown short-lived herblands forming seral vegetation complexes in woodland and forest clearings in various forest zones of Europe.,"Herbaceous forest clearing vegetation
Tall forb and fern-rich as well as low-grown short-lived herblands forming seral vegetation complexes in woodland and forest clearings in various forest zones of Europe.",EUNIS terrestrial habitat classification review v1 (2021; updated 2023),https://doi.org/10.2909/bfe4c237-e378-4a83-ab21-b3807f96c2e2,d7ed5483bfc38804ba9c6039b73e5c75801f7e7e905b8118f55999f1b516744a,CC-BY-4.0
R61,Mediterranean inland salt steppe,"Halophyte vegetation of inland situations in the Mediterranean region where the soils of flats or gentle hollows are permeated by waters laden with soluble salts from underlying substrates, and are then subject to extreme summer drought, with a surface efflorescence of crystalline deposits. The vegetation can be rich in endemics, but the particular species composition depends on the regional climate and local soil conditions, and there is often a distinctive seasonal pattern of growth and zonation around the hollows. In some regions, the vegetation has provided valuable grazing for sheep and goats in summer drought.","Mediterranean inland salt steppe
Halophyte vegetation of inland situations in the Mediterranean region where the soils of flats or gentle hollows are permeated by waters laden with soluble salts from underlying substrates, and are then subject to extreme summer drought, with a surface efflorescence of crystalline deposits. The vegetation can be rich in endemics, but the particular species composition depends on the regional climate and local soil conditions, and there is often a distinctive seasonal pattern of growth and zonation around the hollows. In some regions, the vegetation has provided valuable grazing for sheep and goats in summer drought.",EUNIS terrestrial habitat classification review v1 (2021; updated 2023),https://doi.org/10.2909/bfe4c237-e378-4a83-ab21-b3807f96c2e2,d7ed5483bfc38804ba9c6039b73e5c75801f7e7e905b8118f55999f1b516744a,CC-BY-4.0
R62,Continental inland salt steppe,"Salt steppe of the Pannonian and Pontic regions, characteristic of solonetz soils, saturated, even shallow flooded, by soluble carbonates in spring, then drying in summer with surface cracking. According to variations in salinity, slope and erosion by spring floods, the vegetation is a complex mosaic of grasslands and more halophytic herb communities, rich in endemic species and plant communities. Traditionally part of the pastoral landscape of older breeds of cattle.","Continental inland salt steppe
Salt steppe of the Pannonian and Pontic regions, characteristic of solonetz soils, saturated, even shallow flooded, by soluble carbonates in spring, then drying in summer with surface cracking. According to variations in salinity, slope and erosion by spring floods, the vegetation is a complex mosaic of grasslands and more halophytic herb communities, rich in endemic species and plant communities. Traditionally part of the pastoral landscape of older breeds of cattle.",EUNIS terrestrial habitat classification review v1 (2021; updated 2023),https://doi.org/10.2909/bfe4c237-e378-4a83-ab21-b3807f96c2e2,d7ed5483bfc38804ba9c6039b73e5c75801f7e7e905b8118f55999f1b516744a,CC-BY-4.0
R63,Temperate inland salt marsh,"Inland salt marsh and meadow of temperate and continental regions, characteristic of situations where fossil salt lies close to the surface or where relict seawater is present, resulting in brackish or saline ground and surface water. In more continental regions inland salt pans are more common, where the habitat is found in depressions within a matrix of salt steppes and as sub-halophytic meadows. Elsewhere in Europe, the habitat can be found in association with a variety of salty bedrocks and also on abandoned salt workings. The species composition is very varied according to the regional climate and particular site conditions.","Temperate inland salt marsh
Inland salt marsh and meadow of temperate and continental regions, characteristic of situations where fossil salt lies close to the surface or where relict seawater is present, resulting in brackish or saline ground and surface water. In more continental regions inland salt pans are more common, where the habitat is found in depressions within a matrix of salt steppes and as sub-halophytic meadows. Elsewhere in Europe, the habitat can be found in association with a variety of salty bedrocks and also on abandoned salt workings. The species composition is very varied according to the regional climate and particular site conditions.",EUNIS terrestrial habitat classification review v1 (2021; updated 2023),https://doi.org/10.2909/bfe4c237-e378-4a83-ab21-b3807f96c2e2,d7ed5483bfc38804ba9c6039b73e5c75801f7e7e905b8118f55999f1b516744a,CC-BY-4.0
S11,Shrub tundra,"Tundra with a usually extensive cover of sub-shrubs or dwarf shrubs over herbs, bryophytes and lichens. It occurs in the southern Arctic and subarctic zones, often on permafrost soils. In grazed areas, it occurs in mosaics with grassland.","Shrub tundra
Tundra with a usually extensive cover of sub-shrubs or dwarf shrubs over herbs, bryophytes and lichens. It occurs in the southern Arctic and subarctic zones, often on permafrost soils. In grazed areas, it occurs in mosaics with grassland.",EUNIS terrestrial habitat classification review v1 (2021; updated 2023),https://doi.org/10.2909/bfe4c237-e378-4a83-ab21-b3807f96c2e2,d7ed5483bfc38804ba9c6039b73e5c75801f7e7e905b8118f55999f1b516744a,CC-BY-4.0
S21,Subarctic and alpine dwarf Salix scrub,"Salix-dominated dwarf scrub, often with abundant bryophytes and lichens, on skeletal calcareous or siliceous soils in late snow beds with a short growing-season, occurring in the Arctic and subarctic zones and in the high mountains of temperate Europe, increasingly local and fragmentary to the south.
Remark: This habitat also occurs in the Arctic zone (e.g. Svalbard), which is not reflected in its current name.","Subarctic and alpine dwarf Salix scrub
Salix-dominated dwarf scrub, often with abundant bryophytes and lichens, on skeletal calcareous or siliceous soils in late snow beds with a short growing-season, occurring in the Arctic and subarctic zones and in the high mountains of temperate Europe, increasingly local and fragmentary to the south.
Remark: This habitat also occurs in the Arctic zone (e.g. Svalbard), which is not reflected in its current name.",EUNIS terrestrial habitat classification review v1 (2021; updated 2023),https://doi.org/10.2909/bfe4c237-e378-4a83-ab21-b3807f96c2e2,d7ed5483bfc38804ba9c6039b73e5c75801f7e7e905b8118f55999f1b516744a,CC-BY-4.0
S22,Alpine and subalpine ericoid heath,"Dwarf-shrub vegetation dominated by ericoids and other woody species (not juniper or genistoids) occurring in high mountains throughout Europe, varying in dominants and associates according to regional climate, degree of exposure and snow lie, soil reaction, soil depth and moisture.","Alpine and subalpine ericoid heath
Dwarf-shrub vegetation dominated by ericoids and other woody species (not juniper or genistoids) occurring in high mountains throughout Europe, varying in dominants and associates according to regional climate, degree of exposure and snow lie, soil reaction, soil depth and moisture.",EUNIS terrestrial habitat classification review v1 (2021; updated 2023),https://doi.org/10.2909/bfe4c237-e378-4a83-ab21-b3807f96c2e2,d7ed5483bfc38804ba9c6039b73e5c75801f7e7e905b8118f55999f1b516744a,CC-BY-4.0
S23,Alpine and subalpine Juniperus scrub,"Juniper-dominated vegetation of the montane to subalpine belts of European mountains, occurring as primary vegetation tolerant of both high exposure and snow-lie, but also a secondary derivative of the deforested, long-grazed and eroded ground at high altitudes.","Alpine and subalpine Juniperus scrub
Juniper-dominated vegetation of the montane to subalpine belts of European mountains, occurring as primary vegetation tolerant of both high exposure and snow-lie, but also a secondary derivative of the deforested, long-grazed and eroded ground at high altitudes.",EUNIS terrestrial habitat classification review v1 (2021; updated 2023),https://doi.org/10.2909/bfe4c237-e378-4a83-ab21-b3807f96c2e2,d7ed5483bfc38804ba9c6039b73e5c75801f7e7e905b8118f55999f1b516744a,CC-BY-4.0
S25,Subalpine and subarctic deciduous scrub,"Low scrub, including krummholz, dominated by various deciduous trees and shrubs, on moist but free-draining, sometimes quite fertile, soils on high-mountain slopes throughout Europe, often with long snow-lie and prone to natural disturbance due to avalanche and scree slides, after which it is well able to recover and recolonise. The associated flora can be rich in tall mountain herbs. It can also be found as a secondary succession stage in abandoned subalpine pastures and meadows.","Subalpine and subarctic deciduous scrub
Low scrub, including krummholz, dominated by various deciduous trees and shrubs, on moist but free-draining, sometimes quite fertile, soils on high-mountain slopes throughout Europe, often with long snow-lie and prone to natural disturbance due to avalanche and scree slides, after which it is well able to recover and recolonise. The associated flora can be rich in tall mountain herbs. It can also be found as a secondary succession stage in abandoned subalpine pastures and meadows.",EUNIS terrestrial habitat classification review v1 (2021; updated 2023),https://doi.org/10.2909/bfe4c237-e378-4a83-ab21-b3807f96c2e2,d7ed5483bfc38804ba9c6039b73e5c75801f7e7e905b8118f55999f1b516744a,CC-BY-4.0
S31,Lowland to montane temperate and submediterranean Juniperus scrub,"Juniperus communis scrub on nutrient-poor sandy and calcareous soils through the temperate and submediterranean lowlands and foothills of Europe. The juniper can be very patchy in occurrence, often related to past land use, and with a striking variety of growth forms, the associated flora being very diverse according to soil base-status, sharing much in common, where the scrub is open, with local calcicolous grasslands or heath.","Lowland to montane temperate and submediterranean Juniperus scrub
Juniperus communis scrub on nutrient-poor sandy and calcareous soils through the temperate and submediterranean lowlands and foothills of Europe. The juniper can be very patchy in occurrence, often related to past land use, and with a striking variety of growth forms, the associated flora being very diverse according to soil base-status, sharing much in common, where the scrub is open, with local calcicolous grasslands or heath.",EUNIS terrestrial habitat classification review v1 (2021; updated 2023),https://doi.org/10.2909/bfe4c237-e378-4a83-ab21-b3807f96c2e2,d7ed5483bfc38804ba9c6039b73e5c75801f7e7e905b8118f55999f1b516744a,CC-BY-4.0
S32,Temperate Rubus scrub,"Low Rubus-dominated scrub, deciduous or sometimes evergreen, of successions and ecotones in a wide variety of semi-natural landscapes through the Atlantic region and elsewhere in submontane belts Europe where a locally moist climate prevails. Rubus is an enormously diverse genus of often apomictic and endemic taxa with associated floras related to soil base-status and moisture.","Temperate Rubus scrub
Low Rubus-dominated scrub, deciduous or sometimes evergreen, of successions and ecotones in a wide variety of semi-natural landscapes through the Atlantic region and elsewhere in submontane belts Europe where a locally moist climate prevails. Rubus is an enormously diverse genus of often apomictic and endemic taxa with associated floras related to soil base-status and moisture.",EUNIS terrestrial habitat classification review v1 (2021; updated 2023),https://doi.org/10.2909/bfe4c237-e378-4a83-ab21-b3807f96c2e2,d7ed5483bfc38804ba9c6039b73e5c75801f7e7e905b8118f55999f1b516744a,CC-BY-4.0
S33,Lowland to montane temperate and submediterranean genistoid scrub,"Low scrub dominated by various woody legumes on mostly sharply-draining, nutrient-poor acidic soils throughout the temperate and submediterranean lowlands and Mediterranean foothills of Europe. To the north the vegetation is usually found in successions or ecotones within pastoral landscapes and is often rather species-poor; further south, the scrub can occur as a more persistent or repeatedly renewed habitat among rocky or unstable hill-slopes with richer associated floras.","Lowland to montane temperate and submediterranean genistoid scrub
Low scrub dominated by various woody legumes on mostly sharply-draining, nutrient-poor acidic soils throughout the temperate and submediterranean lowlands and Mediterranean foothills of Europe. To the north the vegetation is usually found in successions or ecotones within pastoral landscapes and is often rather species-poor; further south, the scrub can occur as a more persistent or repeatedly renewed habitat among rocky or unstable hill-slopes with richer associated floras.",EUNIS terrestrial habitat classification review v1 (2021; updated 2023),https://doi.org/10.2909/bfe4c237-e378-4a83-ab21-b3807f96c2e2,d7ed5483bfc38804ba9c6039b73e5c75801f7e7e905b8118f55999f1b516744a,CC-BY-4.0
S35,Temperate and submediterranean thorn scrub,"Scrub dominated by a diversity of mostly thorny shrubs, small trees and saplings, in successions and ecotones on mesic soils in a wide variety of semi-natural landscapes through the temperate and submediterranean lowlands of Europe but sometimes extending to higher altitudes, as in the Balkan šibljak. The dominants and associated floras vary widely with differences in regional climate and soils.","Temperate and submediterranean thorn scrub
Scrub dominated by a diversity of mostly thorny shrubs, small trees and saplings, in successions and ecotones on mesic soils in a wide variety of semi-natural landscapes through the temperate and submediterranean lowlands of Europe but sometimes extending to higher altitudes, as in the Balkan šibljak. The dominants and associated floras vary widely with differences in regional climate and soils.",EUNIS terrestrial habitat classification review v1 (2021; updated 2023),https://doi.org/10.2909/bfe4c237-e378-4a83-ab21-b3807f96c2e2,d7ed5483bfc38804ba9c6039b73e5c75801f7e7e905b8118f55999f1b516744a,CC-BY-4.0
S36,Low steppic scrub,"Low scrub, dominated by various, often clonal, shrubs frequently forming patches in locally mesic and sheltered situations within the dry grasslands of the steppe zone of Central and Eastern Europe. It can form a persistent natural landscape element or develop after the abandonment of pasturing.","Low steppic scrub
Low scrub, dominated by various, often clonal, shrubs frequently forming patches in locally mesic and sheltered situations within the dry grasslands of the steppe zone of Central and Eastern Europe. It can form a persistent natural landscape element or develop after the abandonment of pasturing.",EUNIS terrestrial habitat classification review v1 (2021; updated 2023),https://doi.org/10.2909/bfe4c237-e378-4a83-ab21-b3807f96c2e2,d7ed5483bfc38804ba9c6039b73e5c75801f7e7e905b8118f55999f1b516744a,CC-BY-4.0
S37,Corylus avellana scrub,"Scrub dominated by hazel (Corylus avellana). Natural occurrences are found on shallow soils along the northern Atlantic seaboards, where they are permanently maintained by exposure to winds, and locally on rocky slopes and cliffs through the continental region. Secondary hazel scrub can develop after by felling of mesic broadleaved forests.","Corylus avellana scrub
Scrub dominated by hazel (Corylus avellana). Natural occurrences are found on shallow soils along the northern Atlantic seaboards, where they are permanently maintained by exposure to winds, and locally on rocky slopes and cliffs through the continental region. Secondary hazel scrub can develop after by felling of mesic broadleaved forests.",EUNIS terrestrial habitat classification review v1 (2021; updated 2023),https://doi.org/10.2909/bfe4c237-e378-4a83-ab21-b3807f96c2e2,d7ed5483bfc38804ba9c6039b73e5c75801f7e7e905b8118f55999f1b516744a,CC-BY-4.0
S38,Temperate forest clearing scrub,Often dense scrub of shrubs and small trees invading after natural or anthropogenic clearance in forests of the temperate zone of Europe.,"Temperate forest clearing scrub
Often dense scrub of shrubs and small trees invading after natural or anthropogenic clearance in forests of the temperate zone of Europe.",EUNIS terrestrial habitat classification review v1 (2021; updated 2023),https://doi.org/10.2909/bfe4c237-e378-4a83-ab21-b3807f96c2e2,d7ed5483bfc38804ba9c6039b73e5c75801f7e7e905b8118f55999f1b516744a,CC-BY-4.0
S42,Dry heath,"Heath dominated by various ericaceous sub-shrubs on free-draining, nutrient-poor, acid sands and siliceous soils through the lowlands and foothills of Western and Central Europe, extending northwards in more oceanic situations and into continental regions in precipitation-rich areas at higher altitudes. Very often influenced by grazing and burning and frequently a secondary vegetation type derived by clearance of acidophilous forest and maintained anthropogenically.","Dry heath
Heath dominated by various ericaceous sub-shrubs on free-draining, nutrient-poor, acid sands and siliceous soils through the lowlands and foothills of Western and Central Europe, extending northwards in more oceanic situations and into continental regions in precipitation-rich areas at higher altitudes. Very often influenced by grazing and burning and frequently a secondary vegetation type derived by clearance of acidophilous forest and maintained anthropogenically.",EUNIS terrestrial habitat classification review v1 (2021; updated 2023),https://doi.org/10.2909/bfe4c237-e378-4a83-ab21-b3807f96c2e2,d7ed5483bfc38804ba9c6039b73e5c75801f7e7e905b8118f55999f1b516744a,CC-BY-4.0
S51,Mediterranean maquis and arborescent matorral,"Evergreen sclerophyllous or laurophyllous shrub vegetation forming a dense closed canopy, with or without low emergent trees, on a wide variety of substrates and soils through the thermo- to mesomediterranean belts. May be permanent primary vegetation on xeric sites but is usually derived by the degradation of evergreen deciduous or coniferous forest and much influenced in structure and composition by grazing and fire.","Mediterranean maquis and arborescent matorral
Evergreen sclerophyllous or laurophyllous shrub vegetation forming a dense closed canopy, with or without low emergent trees, on a wide variety of substrates and soils through the thermo- to mesomediterranean belts. May be permanent primary vegetation on xeric sites but is usually derived by the degradation of evergreen deciduous or coniferous forest and much influenced in structure and composition by grazing and fire.",EUNIS terrestrial habitat classification review v1 (2021; updated 2023),https://doi.org/10.2909/bfe4c237-e378-4a83-ab21-b3807f96c2e2,d7ed5483bfc38804ba9c6039b73e5c75801f7e7e905b8118f55999f1b516744a,CC-BY-4.0
S52,Submediterranean pseudomaquis,"Mixed deciduous-evergreen scrub of shallow, rocky, mostly calcareous soils in the lowlands and foothills of Southern Europe. Usually derived by forest degradation and much affected in structure and composition by grazing, fire and logging.","Submediterranean pseudomaquis
Mixed deciduous-evergreen scrub of shallow, rocky, mostly calcareous soils in the lowlands and foothills of Southern Europe. Usually derived by forest degradation and much affected in structure and composition by grazing, fire and logging.",EUNIS terrestrial habitat classification review v1 (2021; updated 2023),https://doi.org/10.2909/bfe4c237-e378-4a83-ab21-b3807f96c2e2,d7ed5483bfc38804ba9c6039b73e5c75801f7e7e905b8118f55999f1b516744a,CC-BY-4.0
S53,Spartium junceum scrub,"Secondary scrub dominated by Spanish broom (Spartium junceum), typical of disturbed, open, sunny situations on a wide variety of soils through the Mediterranean, where its rapid establishment is favoured by post-fire seed germination, aggressive rooting, nitrogen-fixation and unpalatability.","Spartium junceum scrub
Secondary scrub dominated by Spanish broom (Spartium junceum), typical of disturbed, open, sunny situations on a wide variety of soils through the Mediterranean, where its rapid establishment is favoured by post-fire seed germination, aggressive rooting, nitrogen-fixation and unpalatability.",EUNIS terrestrial habitat classification review v1 (2021; updated 2023),https://doi.org/10.2909/bfe4c237-e378-4a83-ab21-b3807f96c2e2,d7ed5483bfc38804ba9c6039b73e5c75801f7e7e905b8118f55999f1b516744a,CC-BY-4.0
S54,Thermomediterranean arid scrub,"Scrub with a usually low and rather open cover of shrubs with sub-shrubs, dwarf shrubs and herbs between, on dry soils of varied composition in the thermomediterranean belt, and of very diverse local composition. Primary and permanent in more arid and exposed situations, but can be successional to a forest and often much affected by grazing.","Thermomediterranean arid scrub
Scrub with a usually low and rather open cover of shrubs with sub-shrubs, dwarf shrubs and herbs between, on dry soils of varied composition in the thermomediterranean belt, and of very diverse local composition. Primary and permanent in more arid and exposed situations, but can be successional to a forest and often much affected by grazing.",EUNIS terrestrial habitat classification review v1 (2021; updated 2023),https://doi.org/10.2909/bfe4c237-e378-4a83-ab21-b3807f96c2e2,d7ed5483bfc38804ba9c6039b73e5c75801f7e7e905b8118f55999f1b516744a,CC-BY-4.0
S61,Western basiphilous garrigue,"Sub-shrub vegetation dominated by nanophanerophytes and chamaephytes on thin, base-rich soils through the western thermo- to mesomediterranean belts. Its species composition is very diverse in response to differences in local climate and soils. On rocky slopes, it can be permanent vegetation but is often derived from forest clearance and is much affected by grazing and fire.","Western basiphilous garrigue
Sub-shrub vegetation dominated by nanophanerophytes and chamaephytes on thin, base-rich soils through the western thermo- to mesomediterranean belts. Its species composition is very diverse in response to differences in local climate and soils. On rocky slopes, it can be permanent vegetation but is often derived from forest clearance and is much affected by grazing and fire.",EUNIS terrestrial habitat classification review v1 (2021; updated 2023),https://doi.org/10.2909/bfe4c237-e378-4a83-ab21-b3807f96c2e2,d7ed5483bfc38804ba9c6039b73e5c75801f7e7e905b8118f55999f1b516744a,CC-BY-4.0
S62,Western acidophilous garrigue,"Sub-shrub vegetation dominated by nanophanerophytes on thin, acidic soils, developed on hard silicate bedrock or soft sand, through the western thermo- to lower supramediterranean belts. Its species composition is very diverse in response to differences in local climate and soils. On rocky slopes, it can be permanent vegetation but is often derived from forest clearance or abandonment of farm fields and is much affected by grazing and fire.","Western acidophilous garrigue
Sub-shrub vegetation dominated by nanophanerophytes on thin, acidic soils, developed on hard silicate bedrock or soft sand, through the western thermo- to lower supramediterranean belts. Its species composition is very diverse in response to differences in local climate and soils. On rocky slopes, it can be permanent vegetation but is often derived from forest clearance or abandonment of farm fields and is much affected by grazing and fire.",EUNIS terrestrial habitat classification review v1 (2021; updated 2023),https://doi.org/10.2909/bfe4c237-e378-4a83-ab21-b3807f96c2e2,d7ed5483bfc38804ba9c6039b73e5c75801f7e7e905b8118f55999f1b516744a,CC-BY-4.0
S63,Eastern garrigue,"Low, mostly evergreen sclerophyllous scrub on diverse soils occurring through the eastern Mediterranean meso-, thermo- and occasionally supramediterranean belts, including the regions around the southern seaboards of the Black Sea. The habitat is derived from forest degradation and usually maintained by grazing and fire. Vegetation structure and composition vary greatly with local climate and human impacts.","Eastern garrigue
Low, mostly evergreen sclerophyllous scrub on diverse soils occurring through the eastern Mediterranean meso-, thermo- and occasionally supramediterranean belts, including the regions around the southern seaboards of the Black Sea. The habitat is derived from forest degradation and usually maintained by grazing and fire. Vegetation structure and composition vary greatly with local climate and human impacts.",EUNIS terrestrial habitat classification review v1 (2021; updated 2023),https://doi.org/10.2909/bfe4c237-e378-4a83-ab21-b3807f96c2e2,d7ed5483bfc38804ba9c6039b73e5c75801f7e7e905b8118f55999f1b516744a,CC-BY-4.0
S65,Mediterranean gypsum scrub,"Open chamaephyte scrub with a lichen crust and rainy-spring annual herb flora, on gypsum-rich substrates in areas with a dry to semi-arid mediterranean climate in the Iberian Peninsula. The extreme climatic and edaphic conditions maintain the habitat as naturally stable, but it can bear some light grazing.","Mediterranean gypsum scrub
Open chamaephyte scrub with a lichen crust and rainy-spring annual herb flora, on gypsum-rich substrates in areas with a dry to semi-arid mediterranean climate in the Iberian Peninsula. The extreme climatic and edaphic conditions maintain the habitat as naturally stable, but it can bear some light grazing.",EUNIS terrestrial habitat classification review v1 (2021; updated 2023),https://doi.org/10.2909/bfe4c237-e378-4a83-ab21-b3807f96c2e2,d7ed5483bfc38804ba9c6039b73e5c75801f7e7e905b8118f55999f1b516744a,CC-BY-4.0
S66,Mediterranean halo-nitrophilous scrub,"Perennial coastal scrub dominated by nitrophilous and salt-tolerant species in often artificially-disturbed places through the semi-arid infra- and thermomediterranean belts. In coastal situations, the sea-borne salt and concentration of birds have a major influence on the high levels of soil nutrients and high levels of salt deposition.","Mediterranean halo-nitrophilous scrub
Perennial coastal scrub dominated by nitrophilous and salt-tolerant species in often artificially-disturbed places through the semi-arid infra- and thermomediterranean belts. In coastal situations, the sea-borne salt and concentration of birds have a major influence on the high levels of soil nutrients and high levels of salt deposition.",EUNIS terrestrial habitat classification review v1 (2021; updated 2023),https://doi.org/10.2909/bfe4c237-e378-4a83-ab21-b3807f96c2e2,d7ed5483bfc38804ba9c6039b73e5c75801f7e7e905b8118f55999f1b516744a,CC-BY-4.0
S72,Eastern Mediterranean spiny heath (phrygana),"Low scrub dominated by thorny hemispherical chamaephytes on various base-rich and acidic substrates in the thermo-, meso- and supramediterranean belts of mainland Greece, Anatolia, the Aegean and Ionian islands, Crete, Cyprus and parts of Sicily. It can be of a primary origin or develops after clearance of evergreen sclerophyllous forest.","Eastern Mediterranean spiny heath (phrygana)
Low scrub dominated by thorny hemispherical chamaephytes on various base-rich and acidic substrates in the thermo-, meso- and supramediterranean belts of mainland Greece, Anatolia, the Aegean and Ionian islands, Crete, Cyprus and parts of Sicily. It can be of a primary origin or develops after clearance of evergreen sclerophyllous forest.",EUNIS terrestrial habitat classification review v1 (2021; updated 2023),https://doi.org/10.2909/bfe4c237-e378-4a83-ab21-b3807f96c2e2,d7ed5483bfc38804ba9c6039b73e5c75801f7e7e905b8118f55999f1b516744a,CC-BY-4.0
S73,Western Mediterranean mountain hedgehog-heath,"Heath of often spiny hedgehog sub-shrubs on base-rich and acidic soils in the upper supra- and oromediterranean belts of the Iberian Peninsula, historically sustaining transhumance pastoralism but often extending down from crests and steep slopes due to grazing and burning.","Western Mediterranean mountain hedgehog-heath
Heath of often spiny hedgehog sub-shrubs on base-rich and acidic soils in the upper supra- and oromediterranean belts of the Iberian Peninsula, historically sustaining transhumance pastoralism but often extending down from crests and steep slopes due to grazing and burning.",EUNIS terrestrial habitat classification review v1 (2021; updated 2023),https://doi.org/10.2909/bfe4c237-e378-4a83-ab21-b3807f96c2e2,d7ed5483bfc38804ba9c6039b73e5c75801f7e7e905b8118f55999f1b516744a,CC-BY-4.0
S91,Temperate riparian scrub,"Scrub of Salix spp. and Myricaria germanica developed on the mineral sediments of banks, shoals and gravel bars of lowland to montane streams through the temperate zone, re-establishing after seasonal flooding or succeeding to riparian and gallery forest where the sediments stabilise.
Remark: Salix acutifolia scrub in Ukraine, occurring not only in floodplains, needs to be considered as potential new habitat.","Temperate riparian scrub
Scrub of Salix spp. and Myricaria germanica developed on the mineral sediments of banks, shoals and gravel bars of lowland to montane streams through the temperate zone, re-establishing after seasonal flooding or succeeding to riparian and gallery forest where the sediments stabilise.
Remark: Salix acutifolia scrub in Ukraine, occurring not only in floodplains, needs to be considered as potential new habitat.",EUNIS terrestrial habitat classification review v1 (2021; updated 2023),https://doi.org/10.2909/bfe4c237-e378-4a83-ab21-b3807f96c2e2,d7ed5483bfc38804ba9c6039b73e5c75801f7e7e905b8118f55999f1b516744a,CC-BY-4.0
S92,Salix fen scrub,"Scrub dominated by various species of Salix spp. on peaty and mineral soils maintained in a permanently waterlogged state by high groundwater in floodplain backwaters, around lakes and ponds, among mires and dunes, and in abandoned wet meadows and pastures, occurring through the lowlands of Atlantic, boreal and continental Europe and extending into the Mediterranean region at higher altitudes. Associated floras vary according to the base status of the groundwater and soils.","Salix fen scrub
Scrub dominated by various species of Salix spp. on peaty and mineral soils maintained in a permanently waterlogged state by high groundwater in floodplain backwaters, around lakes and ponds, among mires and dunes, and in abandoned wet meadows and pastures, occurring through the lowlands of Atlantic, boreal and continental Europe and extending into the Mediterranean region at higher altitudes. Associated floras vary according to the base status of the groundwater and soils.",EUNIS terrestrial habitat classification review v1 (2021; updated 2023),https://doi.org/10.2909/bfe4c237-e378-4a83-ab21-b3807f96c2e2,d7ed5483bfc38804ba9c6039b73e5c75801f7e7e905b8118f55999f1b516744a,CC-BY-4.0
S93,Mediterranean riparian scrub,"Usually open scrub dominated by species of Tamarix spp., Nerium oleander, Vitex agnus-castus and similar shrubs and small trees on seasonally dry or irregularly flooded riverbeds and along streamsides through the thermo- and mesomediterranean belts.","Mediterranean riparian scrub
Usually open scrub dominated by species of Tamarix spp., Nerium oleander, Vitex agnus-castus and similar shrubs and small trees on seasonally dry or irregularly flooded riverbeds and along streamsides through the thermo- and mesomediterranean belts.",EUNIS terrestrial habitat classification review v1 (2021; updated 2023),https://doi.org/10.2909/bfe4c237-e378-4a83-ab21-b3807f96c2e2,d7ed5483bfc38804ba9c6039b73e5c75801f7e7e905b8118f55999f1b516744a,CC-BY-4.0
T11,Temperate Salix and Populus riparian forest,"Riparian forests dominated by willows (Salix spp.) and poplars (Populus spp.) of periodically-inundated terraces and shoals with deposition of nutrient-rich alluvium in the active floodplains of rivers through the lowlands of the temperate, submediterranean and steppe zones of Europe.","Temperate Salix and Populus riparian forest
Riparian forests dominated by willows (Salix spp.) and poplars (Populus spp.) of periodically-inundated terraces and shoals with deposition of nutrient-rich alluvium in the active floodplains of rivers through the lowlands of the temperate, submediterranean and steppe zones of Europe.",EUNIS terrestrial habitat classification review v1 (2021; updated 2023),https://doi.org/10.2909/bfe4c237-e378-4a83-ab21-b3807f96c2e2,d7ed5483bfc38804ba9c6039b73e5c75801f7e7e905b8118f55999f1b516744a,CC-BY-4.0
T12,Alnus glutinosa-Alnus incana forest on riparian and mineral soils,"Riparian and non-riparian forests dominated by alder (Alnus glutinosa, Alnus incana), and sometimes ash (Fraxinus angustifolia, Fraxinus excelsior), typically without many softwood willows in the canopy and occurring throughout Europe along streams and small to medium rivers. The field layer can be quite species-rich.","Alnus glutinosa-Alnus incana forest on riparian and mineral soils
Riparian and non-riparian forests dominated by alder (Alnus glutinosa, Alnus incana), and sometimes ash (Fraxinus angustifolia, Fraxinus excelsior), typically without many softwood willows in the canopy and occurring throughout Europe along streams and small to medium rivers. The field layer can be quite species-rich.",EUNIS terrestrial habitat classification review v1 (2021; updated 2023),https://doi.org/10.2909/bfe4c237-e378-4a83-ab21-b3807f96c2e2,d7ed5483bfc38804ba9c6039b73e5c75801f7e7e905b8118f55999f1b516744a,CC-BY-4.0
T13,Temperate hardwood riparian forest,"Mixed broadleaved forests typical of less-frequently flooded, well-aerated mineral soils on floodplains of the middle and lower reaches of major European rivers. The canopy in high-forest stands can be very tall and multi-layered and is typically dominated by various mixtures of Alnus glutinosa, Fraxinus angustifolia, Fraxinus excelsior, Populus alba, Populus canescens, Prunus padus, Quercus robur, Ulmus glabra, Ulmus laevis and Ulmus minor. There is typically an abundant and varied understorey, again often structurally complex, with a range of small trees, shrubs and lianas that are more typical of mesic deciduous forests (such as T1E Carpinus and Quercus mesic deciduous forest).","Temperate hardwood riparian forest
Mixed broadleaved forests typical of less-frequently flooded, well-aerated mineral soils on floodplains of the middle and lower reaches of major European rivers. The canopy in high-forest stands can be very tall and multi-layered and is typically dominated by various mixtures of Alnus glutinosa, Fraxinus angustifolia, Fraxinus excelsior, Populus alba, Populus canescens, Prunus padus, Quercus robur, Ulmus glabra, Ulmus laevis and Ulmus minor. There is typically an abundant and varied understorey, again often structurally complex, with a range of small trees, shrubs and lianas that are more typical of mesic deciduous forests (such as T1E Carpinus and Quercus mesic deciduous forest).",EUNIS terrestrial habitat classification review v1 (2021; updated 2023),https://doi.org/10.2909/bfe4c237-e378-4a83-ab21-b3807f96c2e2,d7ed5483bfc38804ba9c6039b73e5c75801f7e7e905b8118f55999f1b516744a,CC-BY-4.0
T14,Mediterranean and Macaronesian riparian forest,"Deciduous broadleaved forest, most commonly dominated by poplars (Populus), willows (Salix) or oriental plane (Platanus orientalis), on periodically flooded alluvia or gravel terraces and streamsides in humid localities in the Mediterranean and Macaronesia. Also includes streamside forests with Rhododendron ponticum and Betula pendula var. fontqueri in Spain.","Mediterranean and Macaronesian riparian forest
Deciduous broadleaved forest, most commonly dominated by poplars (Populus), willows (Salix) or oriental plane (Platanus orientalis), on periodically flooded alluvia or gravel terraces and streamsides in humid localities in the Mediterranean and Macaronesia. Also includes streamside forests with Rhododendron ponticum and Betula pendula var. fontqueri in Spain.",EUNIS terrestrial habitat classification review v1 (2021; updated 2023),https://doi.org/10.2909/bfe4c237-e378-4a83-ab21-b3807f96c2e2,d7ed5483bfc38804ba9c6039b73e5c75801f7e7e905b8118f55999f1b516744a,CC-BY-4.0
T15,Broadleaved swamp forest on non-acid peat,"Deciduous broadleaved forest, commonly dominated by alder (Alnus glutinosa, Alnus incana), oak (Quercus robur) or aspen (Populus tremula) on non-acid peat with groundwater at or seasonally above the surface in swamps across the lowlands of the temperate and boreal zones.","Broadleaved swamp forest on non-acid peat
Deciduous broadleaved forest, commonly dominated by alder (Alnus glutinosa, Alnus incana), oak (Quercus robur) or aspen (Populus tremula) on non-acid peat with groundwater at or seasonally above the surface in swamps across the lowlands of the temperate and boreal zones.",EUNIS terrestrial habitat classification review v1 (2021; updated 2023),https://doi.org/10.2909/bfe4c237-e378-4a83-ab21-b3807f96c2e2,d7ed5483bfc38804ba9c6039b73e5c75801f7e7e905b8118f55999f1b516744a,CC-BY-4.0
T16,Broadleaved mire forest on acid peat,"Deciduous broadleaved or mixed forest on acid peat on or around active bogs and poor fens with nutrient-poor ground waters occurring through the Atlantic region and the boreal zone and locally, where ground conditions permit, also in the continental zone. It is usually dominated by birch (Betula pubescens).","Broadleaved mire forest on acid peat
Deciduous broadleaved or mixed forest on acid peat on or around active bogs and poor fens with nutrient-poor ground waters occurring through the Atlantic region and the boreal zone and locally, where ground conditions permit, also in the continental zone. It is usually dominated by birch (Betula pubescens).",EUNIS terrestrial habitat classification review v1 (2021; updated 2023),https://doi.org/10.2909/bfe4c237-e378-4a83-ab21-b3807f96c2e2,d7ed5483bfc38804ba9c6039b73e5c75801f7e7e905b8118f55999f1b516744a,CC-BY-4.0
T17,Fagus forest on non-acid soils,"Forest dominated by beech (Fagus sylvatica and Fagus orientalis) on base-rich to neutral, mesotrophic to eutrophic, mineral soils. It occurs through the Atlantic and continental areas of Europe and, at higher altitudes, in the submediterranean zone. Associated trees, including evergreen conifers like fir (Abies alba) and spruce (Picea abies) which figures at the altitudinal limit, are always subordinate in cover and usually in height, though broadleaved associates are more extensive and diverse on richer soils and, like the usually sparse shrub layer, show regional climate-related variation. The field layer can be species-rich.","Fagus forest on non-acid soils
Forest dominated by beech (Fagus sylvatica and Fagus orientalis) on base-rich to neutral, mesotrophic to eutrophic, mineral soils. It occurs through the Atlantic and continental areas of Europe and, at higher altitudes, in the submediterranean zone. Associated trees, including evergreen conifers like fir (Abies alba) and spruce (Picea abies) which figures at the altitudinal limit, are always subordinate in cover and usually in height, though broadleaved associates are more extensive and diverse on richer soils and, like the usually sparse shrub layer, show regional climate-related variation. The field layer can be species-rich.",EUNIS terrestrial habitat classification review v1 (2021; updated 2023),https://doi.org/10.2909/bfe4c237-e378-4a83-ab21-b3807f96c2e2,d7ed5483bfc38804ba9c6039b73e5c75801f7e7e905b8118f55999f1b516744a,CC-BY-4.0
T18,Fagus forest on acid soils,"Forest dominated by beech (Fagus sylvatica and Fagus orientalis) on oligotrophic, base-poor mineral soils. It occurs through the Atlantic and continental areas of Europe and, at higher altitudes, in the submediterranean zone. Associated broadleaved trees are few and always subordinate in cover, though oaks may be co-dominant. Evergreen conifers like fir (Abies alba) and, at the altitudinal limit, spruce (Picea abies) can figure as minority canopy components. The field layer is generally species-poor.","Fagus forest on acid soils
Forest dominated by beech (Fagus sylvatica and Fagus orientalis) on oligotrophic, base-poor mineral soils. It occurs through the Atlantic and continental areas of Europe and, at higher altitudes, in the submediterranean zone. Associated broadleaved trees are few and always subordinate in cover, though oaks may be co-dominant. Evergreen conifers like fir (Abies alba) and, at the altitudinal limit, spruce (Picea abies) can figure as minority canopy components. The field layer is generally species-poor.",EUNIS terrestrial habitat classification review v1 (2021; updated 2023),https://doi.org/10.2909/bfe4c237-e378-4a83-ab21-b3807f96c2e2,d7ed5483bfc38804ba9c6039b73e5c75801f7e7e905b8118f55999f1b516744a,CC-BY-4.0
T19,Temperate and submediterranean thermophilous deciduous forest,"These thermophilous broadleaved deciduous forests form a wide, but interrupted, belt across the submediterranean zone of Europe, with milder winters and warmer drought-prone summers than sustain the broadleaved temperate forests, but colder, intermittently frosty and snowy winters than are typical for the evergreen broadleaved forests and scrub of the Mediterranean. To the north, they tend to occupy low-altitude, drier and warmer sites, and to the south, rainier sites at higher altitudes.","Temperate and submediterranean thermophilous deciduous forest
These thermophilous broadleaved deciduous forests form a wide, but interrupted, belt across the submediterranean zone of Europe, with milder winters and warmer drought-prone summers than sustain the broadleaved temperate forests, but colder, intermittently frosty and snowy winters than are typical for the evergreen broadleaved forests and scrub of the Mediterranean. To the north, they tend to occupy low-altitude, drier and warmer sites, and to the south, rainier sites at higher altitudes.",EUNIS terrestrial habitat classification review v1 (2021; updated 2023),https://doi.org/10.2909/bfe4c237-e378-4a83-ab21-b3807f96c2e2,d7ed5483bfc38804ba9c6039b73e5c75801f7e7e905b8118f55999f1b516744a,CC-BY-4.0
T1A,Mediterranean thermophilous deciduous forest,"Mediterranean deciduous forests usually dominated by Quercus pubescens or, in the Eastern Mediterranean, by Quercus ithaburensis subsp. macrolepis. The canopy is open, either pure or with other oaks. Stands are mostly developed on shallow soil, usually at altitudes of less than 700 m.","Mediterranean thermophilous deciduous forest
Mediterranean deciduous forests usually dominated by Quercus pubescens or, in the Eastern Mediterranean, by Quercus ithaburensis subsp. macrolepis. The canopy is open, either pure or with other oaks. Stands are mostly developed on shallow soil, usually at altitudes of less than 700 m.",EUNIS terrestrial habitat classification review v1 (2021; updated 2023),https://doi.org/10.2909/bfe4c237-e378-4a83-ab21-b3807f96c2e2,d7ed5483bfc38804ba9c6039b73e5c75801f7e7e905b8118f55999f1b516744a,CC-BY-4.0
T1B,Acidophilous Quercus forest,"Oak-dominated forest (mainly Quercus robur and Quercus petraea but also other regional species) of acid soils through the Atlantic and continental regions, where European beech (Fagus sylvatica) is a potential competitor and extending northwards into the boreal zone, where Scots pine (Pinus sylvestris) increasingly figures in the canopy. Associated floras are generally rather poor but show some regional distinctiveness and towards the very humid western Atlantic seaboard have extraordinary richness of ferns and cryptogams.","Acidophilous Quercus forest
Oak-dominated forest (mainly Quercus robur and Quercus petraea but also other regional species) of acid soils through the Atlantic and continental regions, where European beech (Fagus sylvatica) is a potential competitor and extending northwards into the boreal zone, where Scots pine (Pinus sylvestris) increasingly figures in the canopy. Associated floras are generally rather poor but show some regional distinctiveness and towards the very humid western Atlantic seaboard have extraordinary richness of ferns and cryptogams.",EUNIS terrestrial habitat classification review v1 (2021; updated 2023),https://doi.org/10.2909/bfe4c237-e378-4a83-ab21-b3807f96c2e2,d7ed5483bfc38804ba9c6039b73e5c75801f7e7e905b8118f55999f1b516744a,CC-BY-4.0
T1C,Temperate and boreal mountain Betula and Populus tremula forest on mineral soils,"Open, low canopy climax birch (Betula litwinowii, Betula pubescens var. glabrata, Betula pubescens var. pumila) and aspen (Populus tremula) forests with a heathy or herb-rich field layer in the boreal zone, temperate mountain ranges including the Caucasus, and temperate zone of Eastern European lowlands.
Remark: Non-mountain closed, secondary birch and aspen forests of the boreal and temperate zones of Eastern Europe also belong to this habitat, which may require a change of the habitat name.","Temperate and boreal mountain Betula and Populus tremula forest on mineral soils
Open, low canopy climax birch (Betula litwinowii, Betula pubescens var. glabrata, Betula pubescens var. pumila) and aspen (Populus tremula) forests with a heathy or herb-rich field layer in the boreal zone, temperate mountain ranges including the Caucasus, and temperate zone of Eastern European lowlands.
Remark: Non-mountain closed, secondary birch and aspen forests of the boreal and temperate zones of Eastern Europe also belong to this habitat, which may require a change of the habitat name.",EUNIS terrestrial habitat classification review v1 (2021; updated 2023),https://doi.org/10.2909/bfe4c237-e378-4a83-ab21-b3807f96c2e2,d7ed5483bfc38804ba9c6039b73e5c75801f7e7e905b8118f55999f1b516744a,CC-BY-4.0
T1D,Southern European mountain Betula and Populus tremula forest on mineral soils,"Diverse climax and paraclimax forests dominated by birch (Betula pendula and closely related species) or aspen (Populus tremula) on usually acidic mineral soils in humid ravines and gorges and on unstable substrates in the montane to subalpine belts of the Pyrenees, Corsica, Apennines, Sicily and the southern Balkans.","Southern European mountain Betula and Populus tremula forest on mineral soils
Diverse climax and paraclimax forests dominated by birch (Betula pendula and closely related species) or aspen (Populus tremula) on usually acidic mineral soils in humid ravines and gorges and on unstable substrates in the montane to subalpine belts of the Pyrenees, Corsica, Apennines, Sicily and the southern Balkans.",EUNIS terrestrial habitat classification review v1 (2021; updated 2023),https://doi.org/10.2909/bfe4c237-e378-4a83-ab21-b3807f96c2e2,d7ed5483bfc38804ba9c6039b73e5c75801f7e7e905b8118f55999f1b516744a,CC-BY-4.0
T1E,Carpinus and Quercus mesic deciduous forest,"Deciduous broadleaved forests typical of brown or grey soils of quite low to high base-status and moderate to high nutrient content. They occur across the lowlands and foothills of the temperate zone of Western, Central, Eastern and Southern Europe, with local extensions into regions characterised by submediterranean and boreal climate. Partially this includes alluvial Quercus/Carpinus-dominated forests in mountain valleys with infrequent inundation. The canopy is usually of mixed composition with oaks figuring prominently, notably Quercus petraea and Quercus robur but with regional contributions from other oaks, along with Acer campestre, Acer platanoides, Carpinus betulus, Fraxinus excelsior, Tilia cordata, Tilia tomentosa and Ulmus glabra. Non-riparian and non-ravine forests of Acer platanoides, Fraxinus excelsior, Tilia cordata and Ulmus glabra (without Quercus species and Carpinus betulus) also belong to this habitat. The canopy can have a complex, multi-layered structure including shrubs and lianas while the herb layer can be species-rich with much regional variation in composition.","Carpinus and Quercus mesic deciduous forest
Deciduous broadleaved forests typical of brown or grey soils of quite low to high base-status and moderate to high nutrient content. They occur across the lowlands and foothills of the temperate zone of Western, Central, Eastern and Southern Europe, with local extensions into regions characterised by submediterranean and boreal climate. Partially this includes alluvial Quercus/Carpinus-dominated forests in mountain valleys with infrequent inundation. The canopy is usually of mixed composition with oaks figuring prominently, notably Quercus petraea and Quercus robur but with regional contributions from other oaks, along with Acer campestre, Acer platanoides, Carpinus betulus, Fraxinus excelsior, Tilia cordata, Tilia tomentosa and Ulmus glabra. Non-riparian and non-ravine forests of Acer platanoides, Fraxinus excelsior, Tilia cordata and Ulmus glabra (without Quercus species and Carpinus betulus) also belong to this habitat. The canopy can have a complex, multi-layered structure including shrubs and lianas while the herb layer can be species-rich with much regional variation in composition.",EUNIS terrestrial habitat classification review v1 (2021; updated 2023),https://doi.org/10.2909/bfe4c237-e378-4a83-ab21-b3807f96c2e2,d7ed5483bfc38804ba9c6039b73e5c75801f7e7e905b8118f55999f1b516744a,CC-BY-4.0
T1F,Ravine forest,"Forests on steep slopes, frequently in ravines, where deep, well-drained and fertile soils develop which allow trees such as Acer platanoides, Acer pseudoplatanus, Fraxinus excelsior, Fraxinus ornus, Ostrya carpinifolia, Tilia cordata, Tilia platyphyllos and Ulmus glabra, to outcompete trees such as Fagus sylvatica and Quercus spp. The herb layer is dominated by luxuriant nitrophilous herbs such as Aegopodium podagraria, Impatiens noli-tangere and Urtica dioica, moisture-loving vernal plants like Allium ursinum and, on base-rich soils, Brachypodium sylvaticum, Circaea lutetiana, Geranium robertianum and Mercurialis perennis. In the southern part of its distribution, thermophilous species appear, such as Arabis turrita, Cornus mas, Dioscorea communis and Ligustrum vulgare. Another group of thermophilous species (e.g. Anthericum ramosum, Cotoneaster integerrimus, Sesleria caerulea and Vincetoxicum hirundinaria) is typical of steep rocky slopes.","Ravine forest
Forests on steep slopes, frequently in ravines, where deep, well-drained and fertile soils develop which allow trees such as Acer platanoides, Acer pseudoplatanus, Fraxinus excelsior, Fraxinus ornus, Ostrya carpinifolia, Tilia cordata, Tilia platyphyllos and Ulmus glabra, to outcompete trees such as Fagus sylvatica and Quercus spp. The herb layer is dominated by luxuriant nitrophilous herbs such as Aegopodium podagraria, Impatiens noli-tangere and Urtica dioica, moisture-loving vernal plants like Allium ursinum and, on base-rich soils, Brachypodium sylvaticum, Circaea lutetiana, Geranium robertianum and Mercurialis perennis. In the southern part of its distribution, thermophilous species appear, such as Arabis turrita, Cornus mas, Dioscorea communis and Ligustrum vulgare. Another group of thermophilous species (e.g. Anthericum ramosum, Cotoneaster integerrimus, Sesleria caerulea and Vincetoxicum hirundinaria) is typical of steep rocky slopes.",EUNIS terrestrial habitat classification review v1 (2021; updated 2023),https://doi.org/10.2909/bfe4c237-e378-4a83-ab21-b3807f96c2e2,d7ed5483bfc38804ba9c6039b73e5c75801f7e7e905b8118f55999f1b516744a,CC-BY-4.0
T1H,Broadleaved deciduous plantation of non site-native trees,"Cultivated deciduous broadleaved tree formations planted for the production of wood, composed of exotic species or of native tree species out of their natural range.","Broadleaved deciduous plantation of non site-native trees
Cultivated deciduous broadleaved tree formations planted for the production of wood, composed of exotic species or of native tree species out of their natural range.",EUNIS terrestrial habitat classification review v1 (2021; updated 2023),https://doi.org/10.2909/bfe4c237-e378-4a83-ab21-b3807f96c2e2,d7ed5483bfc38804ba9c6039b73e5c75801f7e7e905b8118f55999f1b516744a,CC-BY-4.0
T21,Mediterranean evergreen Quercus forest,"Forest dominated by evergreen broadleaved oaks (most widely Quercus ilex) with associated sclerophyllous and laurophyllous trees and shrubs in the summer-drought climate of the Mediterranean lowlands and foothills. The tree canopy is often low and much modified, with widespread transitions to maquis/matorral and open dehesa/montado wood pasture.","Mediterranean evergreen Quercus forest
Forest dominated by evergreen broadleaved oaks (most widely Quercus ilex) with associated sclerophyllous and laurophyllous trees and shrubs in the summer-drought climate of the Mediterranean lowlands and foothills. The tree canopy is often low and much modified, with widespread transitions to maquis/matorral and open dehesa/montado wood pasture.",EUNIS terrestrial habitat classification review v1 (2021; updated 2023),https://doi.org/10.2909/bfe4c237-e378-4a83-ab21-b3807f96c2e2,d7ed5483bfc38804ba9c6039b73e5c75801f7e7e905b8118f55999f1b516744a,CC-BY-4.0
T22,Mainland laurophyllous forest,"Patches of evergreen laurophyllous forests and thickets dominated by bay (Laurus nobilis), firetree (Morella faya) and Portugal laurel (Prunus lusitanica subsp. lusitanica) in oceanic and hyper-humid situations, now surviving as small relics in sheltered situations like ravines along the Atlantic coast of Portugal and Spain and in Sardinia, southern Italy and Sicily. Typically species-poor with an associated flora similar to T21.","Mainland laurophyllous forest
Patches of evergreen laurophyllous forests and thickets dominated by bay (Laurus nobilis), firetree (Morella faya) and Portugal laurel (Prunus lusitanica subsp. lusitanica) in oceanic and hyper-humid situations, now surviving as small relics in sheltered situations like ravines along the Atlantic coast of Portugal and Spain and in Sardinia, southern Italy and Sicily. Typically species-poor with an associated flora similar to T21.",EUNIS terrestrial habitat classification review v1 (2021; updated 2023),https://doi.org/10.2909/bfe4c237-e378-4a83-ab21-b3807f96c2e2,d7ed5483bfc38804ba9c6039b73e5c75801f7e7e905b8118f55999f1b516744a,CC-BY-4.0
T24,Olea europaea-Ceratonia siliqua forest,"Olive (Olea europaea), carob (Ceratonia siliqua) and mastic (Pistacia lentiscus) forest or bush with a closed tree canopy in the drought-prone lowlands and foothills of the Mediterranean and Macaronesia.","Olea europaea-Ceratonia siliqua forest
Olive (Olea europaea), carob (Ceratonia siliqua) and mastic (Pistacia lentiscus) forest or bush with a closed tree canopy in the drought-prone lowlands and foothills of the Mediterranean and Macaronesia.",EUNIS terrestrial habitat classification review v1 (2021; updated 2023),https://doi.org/10.2909/bfe4c237-e378-4a83-ab21-b3807f96c2e2,d7ed5483bfc38804ba9c6039b73e5c75801f7e7e905b8118f55999f1b516744a,CC-BY-4.0
T29,Broadleaved evergreen plantation of non site-native trees,"Cultivated evergreen broad-leaved tree formations planted for the production of wood, composed of exotic species, of native species out of their natural range, or of native species planted in clearly unnatural stands, often as monocultures.","Broadleaved evergreen plantation of non site-native trees
Cultivated evergreen broad-leaved tree formations planted for the production of wood, composed of exotic species, of native species out of their natural range, or of native species planted in clearly unnatural stands, often as monocultures.",EUNIS terrestrial habitat classification review v1 (2021; updated 2023),https://doi.org/10.2909/bfe4c237-e378-4a83-ab21-b3807f96c2e2,d7ed5483bfc38804ba9c6039b73e5c75801f7e7e905b8118f55999f1b516744a,CC-BY-4.0
T31,Temperate mountain Picea forest,"Evergreen coniferous forest dominated by spruce, including Picea abies in most temperate European mountain systems, relict Picea omorika in a restricted area in the Dinaric Mountains, and Picea orientalis in the Caucasus. Fir (Abies alba, Abies nordmanniana) can be admixed on acidic, even very oligotrophic, wet, cold or rocky soils in the montane and subalpine belts of the temperate mountain ranges of Europe.","Temperate mountain Picea forest
Evergreen coniferous forest dominated by spruce, including Picea abies in most temperate European mountain systems, relict Picea omorika in a restricted area in the Dinaric Mountains, and Picea orientalis in the Caucasus. Fir (Abies alba, Abies nordmanniana) can be admixed on acidic, even very oligotrophic, wet, cold or rocky soils in the montane and subalpine belts of the temperate mountain ranges of Europe.",EUNIS terrestrial habitat classification review v1 (2021; updated 2023),https://doi.org/10.2909/bfe4c237-e378-4a83-ab21-b3807f96c2e2,d7ed5483bfc38804ba9c6039b73e5c75801f7e7e905b8118f55999f1b516744a,CC-BY-4.0
T32,Temperate mountain Abies forest,"Forests of European silver fir (Abies alba) in temperate mountains, often with European beech (Fagus sylvatica), and Norway spruce (Picea abies) where site conditions are harsher at higher altitudes. In the southern Black Sea region and the Caucasus, the dominant species is Caucasian fir (Abies nordmanniana), often with an admixture of Oriental beech (Fagus orientalis) and Oriental spruce (Picea orientalis). At most sites, fir forests occur on acidic soils though extending on to more base-rich and mesotrophic soils where distinctive contingents of herbs augment or replace the usually heathy field layer.","Temperate mountain Abies forest
Forests of European silver fir (Abies alba) in temperate mountains, often with European beech (Fagus sylvatica), and Norway spruce (Picea abies) where site conditions are harsher at higher altitudes. In the southern Black Sea region and the Caucasus, the dominant species is Caucasian fir (Abies nordmanniana), often with an admixture of Oriental beech (Fagus orientalis) and Oriental spruce (Picea orientalis). At most sites, fir forests occur on acidic soils though extending on to more base-rich and mesotrophic soils where distinctive contingents of herbs augment or replace the usually heathy field layer.",EUNIS terrestrial habitat classification review v1 (2021; updated 2023),https://doi.org/10.2909/bfe4c237-e378-4a83-ab21-b3807f96c2e2,d7ed5483bfc38804ba9c6039b73e5c75801f7e7e905b8118f55999f1b516744a,CC-BY-4.0
T33,Mediterranean mountain Abies forest,"Evergreen coniferous forests of more sunless or fog-bound slopes and gullies in the lower to mid altitudinal belts of Mediterranean mountains where firs of very limited distribution dominate in highly distinctive relic stands: Spanish fir (Abies pinsapo), Greek fir (Abies cephalonica), King Boris fir (Abies borisii-regis), Apennine or Sicilian stands of silver fir (Abies alba) and Sicilian fir (Abies nebrodensis).","Mediterranean mountain Abies forest
Evergreen coniferous forests of more sunless or fog-bound slopes and gullies in the lower to mid altitudinal belts of Mediterranean mountains where firs of very limited distribution dominate in highly distinctive relic stands: Spanish fir (Abies pinsapo), Greek fir (Abies cephalonica), King Boris fir (Abies borisii-regis), Apennine or Sicilian stands of silver fir (Abies alba) and Sicilian fir (Abies nebrodensis).",EUNIS terrestrial habitat classification review v1 (2021; updated 2023),https://doi.org/10.2909/bfe4c237-e378-4a83-ab21-b3807f96c2e2,d7ed5483bfc38804ba9c6039b73e5c75801f7e7e905b8118f55999f1b516744a,CC-BY-4.0
T34,"Temperate subalpine Larix, Pinus cembra and Pinus uncinata forest","Coniferous, in part deciduous, forest of European larch (Larix decidua) or Arolla pine (Pinus cembra) in the middle subalpine belt of temperate mountains in the central Alps and Carpathians with long but shallow snow-lie and a short growing season. Dwarf mountain pine (Pinus mugo), spruce (Picea abies), silver fir (Abies alba), rhododendrons and other sub-shrubs are never more than subordinate, but various whitebeam (Sorbus) species are characteristic associates.","Temperate subalpine Larix, Pinus cembra and Pinus uncinata forest
Coniferous, in part deciduous, forest of European larch (Larix decidua) or Arolla pine (Pinus cembra) in the middle subalpine belt of temperate mountains in the central Alps and Carpathians with long but shallow snow-lie and a short growing season. Dwarf mountain pine (Pinus mugo), spruce (Picea abies), silver fir (Abies alba), rhododendrons and other sub-shrubs are never more than subordinate, but various whitebeam (Sorbus) species are characteristic associates.",EUNIS terrestrial habitat classification review v1 (2021; updated 2023),https://doi.org/10.2909/bfe4c237-e378-4a83-ab21-b3807f96c2e2,d7ed5483bfc38804ba9c6039b73e5c75801f7e7e905b8118f55999f1b516744a,CC-BY-4.0
T35,Temperate continental Pinus sylvestris forest,"Forests dominated by Scots pine (Pinus sylvestris), often with some birch (Betula pendula, Betula pubescens), aspen (Populus tremula) and common juniper (Juniperus communis), on acidic to base-rich soils through the north temperate and hemiboreal zones.","Temperate continental Pinus sylvestris forest
Forests dominated by Scots pine (Pinus sylvestris), often with some birch (Betula pendula, Betula pubescens), aspen (Populus tremula) and common juniper (Juniperus communis), on acidic to base-rich soils through the north temperate and hemiboreal zones.",EUNIS terrestrial habitat classification review v1 (2021; updated 2023),https://doi.org/10.2909/bfe4c237-e378-4a83-ab21-b3807f96c2e2,d7ed5483bfc38804ba9c6039b73e5c75801f7e7e905b8118f55999f1b516744a,CC-BY-4.0
T36,Temperate and submediterranean montane Pinus sylvestris-Pinus nigra forest,"Evergreen coniferous forests, generally dominated by either Scots pine (Pinus sylvestris) or black pine (Pinus nigra and, towards the southern limit, various subspecies), less commonly with some Norway spruce (Picea abies) and deciduous associates, often in isolated and small stands on base-rich soils through the mountains of the temperate and submediterranean zones.","Temperate and submediterranean montane Pinus sylvestris-Pinus nigra forest
Evergreen coniferous forests, generally dominated by either Scots pine (Pinus sylvestris) or black pine (Pinus nigra and, towards the southern limit, various subspecies), less commonly with some Norway spruce (Picea abies) and deciduous associates, often in isolated and small stands on base-rich soils through the mountains of the temperate and submediterranean zones.",EUNIS terrestrial habitat classification review v1 (2021; updated 2023),https://doi.org/10.2909/bfe4c237-e378-4a83-ab21-b3807f96c2e2,d7ed5483bfc38804ba9c6039b73e5c75801f7e7e905b8118f55999f1b516744a,CC-BY-4.0
T37,Mediterranean montane Pinus sylvestris-Pinus nigra forest,"Evergreen coniferous forest of more drought-prone situations at scattered localities through the mountains of the Mediterranean, dominated by black pine (Pinus nigra) and, except on Mediterranean islands, sometimes with subordinate Scots pine (Pinus sylvestris), both species often occurring as vicariant forms in different localities.","Mediterranean montane Pinus sylvestris-Pinus nigra forest
Evergreen coniferous forest of more drought-prone situations at scattered localities through the mountains of the Mediterranean, dominated by black pine (Pinus nigra) and, except on Mediterranean islands, sometimes with subordinate Scots pine (Pinus sylvestris), both species often occurring as vicariant forms in different localities.",EUNIS terrestrial habitat classification review v1 (2021; updated 2023),https://doi.org/10.2909/bfe4c237-e378-4a83-ab21-b3807f96c2e2,d7ed5483bfc38804ba9c6039b73e5c75801f7e7e905b8118f55999f1b516744a,CC-BY-4.0
T3A,Mediterranean lowland to submontane Pinus forest,"Evergreen coniferous forest dominated by various thermophilous pines: maritime pine (Pinus pinaster in the western Mediterranean and winter-mild Atlantic regions), Aleppo pine (Pinus halepensis), stone pine (Pinus pinea all around the Southern European coasts, and in some places also inland), and Aegean pine (Pinus brutia in Greece, Cyprus and Anatolia), the first three often favouring unstable substrates or pre-climax situations. All of these forests are fire-prone.","Mediterranean lowland to submontane Pinus forest
Evergreen coniferous forest dominated by various thermophilous pines: maritime pine (Pinus pinaster in the western Mediterranean and winter-mild Atlantic regions), Aleppo pine (Pinus halepensis), stone pine (Pinus pinea all around the Southern European coasts, and in some places also inland), and Aegean pine (Pinus brutia in Greece, Cyprus and Anatolia), the first three often favouring unstable substrates or pre-climax situations. All of these forests are fire-prone.",EUNIS terrestrial habitat classification review v1 (2021; updated 2023),https://doi.org/10.2909/bfe4c237-e378-4a83-ab21-b3807f96c2e2,d7ed5483bfc38804ba9c6039b73e5c75801f7e7e905b8118f55999f1b516744a,CC-BY-4.0
T3C,Taxus baccata forest,"Evergreen woodlands overwhelmingly dominated by yew (Taxus baccata), sometimes with holly (Ilex aquifolium), whitebeam (Sorbus aria) and box (Buxus sempervirens), maybe in halted successions or as senescent survivals, occurring very locally on base-rich soils in the Mediterranean and in the British Isles.","Taxus baccata forest
Evergreen woodlands overwhelmingly dominated by yew (Taxus baccata), sometimes with holly (Ilex aquifolium), whitebeam (Sorbus aria) and box (Buxus sempervirens), maybe in halted successions or as senescent survivals, occurring very locally on base-rich soils in the Mediterranean and in the British Isles.",EUNIS terrestrial habitat classification review v1 (2021; updated 2023),https://doi.org/10.2909/bfe4c237-e378-4a83-ab21-b3807f96c2e2,d7ed5483bfc38804ba9c6039b73e5c75801f7e7e905b8118f55999f1b516744a,CC-BY-4.0
T3D,Mediterranean Cupressaceae forest,"Evergreen forests and tall scrub of cypress (Cupressus sempervirens), junipers (Juniperus drupacea, Juniperus excelsa, Juniperus foetidissima and Juniperus thurifera) or alerce (Tetraclinis articulata) with a usually open canopy with scrubby understorey and herb-rich field layer, on shallow, usually base-rich soils, in dry, rocky situations scattered through the Mediterranean.","Mediterranean Cupressaceae forest
Evergreen forests and tall scrub of cypress (Cupressus sempervirens), junipers (Juniperus drupacea, Juniperus excelsa, Juniperus foetidissima and Juniperus thurifera) or alerce (Tetraclinis articulata) with a usually open canopy with scrubby understorey and herb-rich field layer, on shallow, usually base-rich soils, in dry, rocky situations scattered through the Mediterranean.",EUNIS terrestrial habitat classification review v1 (2021; updated 2023),https://doi.org/10.2909/bfe4c237-e378-4a83-ab21-b3807f96c2e2,d7ed5483bfc38804ba9c6039b73e5c75801f7e7e905b8118f55999f1b516744a,CC-BY-4.0
T3F,Dark taiga,"Forest naturally dominated by spruce (Picea abies and Picea obovata), Siberian fir (Abies sibirica) or Siberian pine (Pinus sibirica) on more mesic, usually podzolic soils through the north-eastern continental and boreal regions, often with a subordinate deciduous broadleaf component (e.g. Betula pendula and Betula pubescens) and in places even some Scots pine (Pinus sylvestris) in the canopy and understorey. The field-layer has a significant participation of dwarf shrubs, bryophytes and lichens. Some forests with Picea or Abies sibirica can be rich in tall herbs.
Remark: Spruce forests of the hemiboreal and boreal zone on brown soils, with a species-rich herb layer consisting of nutrient-demanding forest herbs (e.g. Aegopodium podagraria, Anemone nemorosa, Brachypodium sylvaticum, Hepatica nobilis, Hieracium lachenalii, Hieracium murorum, Lamium galeobdolon, Melica nutans, Mercurialis perennis, Mycelis muralis and Oxalis acetosella) is very different from the taiga spruce forest with a predominance of dwarf shrubs and bryophytes in the field layer. These forests need to be considered as potential new habitat.","Dark taiga
Forest naturally dominated by spruce (Picea abies and Picea obovata), Siberian fir (Abies sibirica) or Siberian pine (Pinus sibirica) on more mesic, usually podzolic soils through the north-eastern continental and boreal regions, often with a subordinate deciduous broadleaf component (e.g. Betula pendula and Betula pubescens) and in places even some Scots pine (Pinus sylvestris) in the canopy and understorey. The field-layer has a significant participation of dwarf shrubs, bryophytes and lichens. Some forests with Picea or Abies sibirica can be rich in tall herbs.
Remark: Spruce forests of the hemiboreal and boreal zone on brown soils, with a species-rich herb layer consisting of nutrient-demanding forest herbs (e.g. Aegopodium podagraria, Anemone nemorosa, Brachypodium sylvaticum, Hepatica nobilis, Hieracium lachenalii, Hieracium murorum, Lamium galeobdolon, Melica nutans, Mercurialis perennis, Mycelis muralis and Oxalis acetosella) is very different from the taiga spruce forest with a predominance of dwarf shrubs and bryophytes in the field layer. These forests need to be considered as potential new habitat.",EUNIS terrestrial habitat classification review v1 (2021; updated 2023),https://doi.org/10.2909/bfe4c237-e378-4a83-ab21-b3807f96c2e2,d7ed5483bfc38804ba9c6039b73e5c75801f7e7e905b8118f55999f1b516744a,CC-BY-4.0
T3G,Pinus sylvestris light taiga,"Forest naturally dominated by Scots pine (Pinus sylvestris) but often with some birch (Betula pendula and B. pubescens). They occur on lithomorphic and podzolised, moderately dry soils throughout the European boreal zone. The field layer is rich in dwarf shrubs, bryophytes and lichens. There can be a specialised herbaceous flora on eskers.","Pinus sylvestris light taiga
Forest naturally dominated by Scots pine (Pinus sylvestris) but often with some birch (Betula pendula and B. pubescens). They occur on lithomorphic and podzolised, moderately dry soils throughout the European boreal zone. The field layer is rich in dwarf shrubs, bryophytes and lichens. There can be a specialised herbaceous flora on eskers.",EUNIS terrestrial habitat classification review v1 (2021; updated 2023),https://doi.org/10.2909/bfe4c237-e378-4a83-ab21-b3807f96c2e2,d7ed5483bfc38804ba9c6039b73e5c75801f7e7e905b8118f55999f1b516744a,CC-BY-4.0
T3J,Pinus and Larix mire forest,"Open woodland dominated by pine (Pinus mugo subsp. rotundata, Pinus sylvestris) or larch (Larix decidua, L. sibirica) on acid peat or around active bogs and poor fens with nutrient-poor ground waters occurring through the boreal zone and locally, where ground conditions permit, in the continental zone.","Pinus and Larix mire forest
Open woodland dominated by pine (Pinus mugo subsp. rotundata, Pinus sylvestris) or larch (Larix decidua, L. sibirica) on acid peat or around active bogs and poor fens with nutrient-poor ground waters occurring through the boreal zone and locally, where ground conditions permit, in the continental zone.",EUNIS terrestrial habitat classification review v1 (2021; updated 2023),https://doi.org/10.2909/bfe4c237-e378-4a83-ab21-b3807f96c2e2,d7ed5483bfc38804ba9c6039b73e5c75801f7e7e905b8118f55999f1b516744a,CC-BY-4.0
T3K,Picea mire forest,"Open woodland dominated by spruce (Picea abies or P. obovata) on acid peat or around active bogs and poor fens with nutrient-poor ground waters occurring through the boreal zone and locally, where ground conditions permit, in the continental zone.
Remark: Mire forests occurring in ombrotrophic conditions and those occurring in minerotrophic conditions (in fens or at sites influenced by spring water) can be considered as two different habitats characterised by a different floristic composition of the herb layer. This distinction can be seen not only within spruce forests but also within pine forests and larch forests.","Picea mire forest
Open woodland dominated by spruce (Picea abies or P. obovata) on acid peat or around active bogs and poor fens with nutrient-poor ground waters occurring through the boreal zone and locally, where ground conditions permit, in the continental zone.
Remark: Mire forests occurring in ombrotrophic conditions and those occurring in minerotrophic conditions (in fens or at sites influenced by spring water) can be considered as two different habitats characterised by a different floristic composition of the herb layer. This distinction can be seen not only within spruce forests but also within pine forests and larch forests.",EUNIS terrestrial habitat classification review v1 (2021; updated 2023),https://doi.org/10.2909/bfe4c237-e378-4a83-ab21-b3807f96c2e2,d7ed5483bfc38804ba9c6039b73e5c75801f7e7e905b8118f55999f1b516744a,CC-BY-4.0
T3M,Coniferous plantation of non site-native trees,"Cultivated stands of coniferous trees planted for the production of wood, composed of exotic conifer species or of European conifers out of their natural range.","Coniferous plantation of non site-native trees
Cultivated stands of coniferous trees planted for the production of wood, composed of exotic conifer species or of European conifers out of their natural range.",EUNIS terrestrial habitat classification review v1 (2021; updated 2023),https://doi.org/10.2909/bfe4c237-e378-4a83-ab21-b3807f96c2e2,d7ed5483bfc38804ba9c6039b73e5c75801f7e7e905b8118f55999f1b516744a,CC-BY-4.0
U22,Temperate high-mountain siliceous scree,"Siliceous, mostly acidic screes, moraines or stone rivers found at high altitudes and cool sites in mountain ranges through the nemoral zone of Europe. The screes are colonized by a range of mostly perennial, mostly acidophilous plants. Their composition is strongly influenced by altitude and regional climate. There are many relict and local endemic species, though less than on calcareous screes. Often the vegetation cover is sparse, but these screes can be more humid because of the impervious and water-retentive character of the substrates and long snow-lie encourage luxuriant growth and accumulation of humus.","Temperate high-mountain siliceous scree
Siliceous, mostly acidic screes, moraines or stone rivers found at high altitudes and cool sites in mountain ranges through the nemoral zone of Europe. The screes are colonized by a range of mostly perennial, mostly acidophilous plants. Their composition is strongly influenced by altitude and regional climate. There are many relict and local endemic species, though less than on calcareous screes. Often the vegetation cover is sparse, but these screes can be more humid because of the impervious and water-retentive character of the substrates and long snow-lie encourage luxuriant growth and accumulation of humus.",EUNIS terrestrial habitat classification review v1 (2021; updated 2023),https://doi.org/10.2909/bfe4c237-e378-4a83-ab21-b3807f96c2e2,d7ed5483bfc38804ba9c6039b73e5c75801f7e7e905b8118f55999f1b516744a,CC-BY-4.0
U23,"Temperate, lowland to montane siliceous scree","Siliceous screes and moraines of warm exposures, derived from a diversity of sedimentary, igneous and metamorphic rocks on the lower slopes of mountain ranges in the nemoral zone. Often the screes are mixed with fine soil. Vegetation can be completely lacking, but bryophyte or lichen-dominated, species-poor communities can occur on rock surfaces. The fine soil accumulated in crevices can support a variety of forb or fern-dominated vegetation. Siliceous screes, in general, have a lower species richness than calcareous screes but ferns can be diverse and luxuriant. Natural succession on more stable screes results in the development of scrub and woodland, not included here.","Temperate, lowland to montane siliceous scree
Siliceous screes and moraines of warm exposures, derived from a diversity of sedimentary, igneous and metamorphic rocks on the lower slopes of mountain ranges in the nemoral zone. Often the screes are mixed with fine soil. Vegetation can be completely lacking, but bryophyte or lichen-dominated, species-poor communities can occur on rock surfaces. The fine soil accumulated in crevices can support a variety of forb or fern-dominated vegetation. Siliceous screes, in general, have a lower species richness than calcareous screes but ferns can be diverse and luxuriant. Natural succession on more stable screes results in the development of scrub and woodland, not included here.",EUNIS terrestrial habitat classification review v1 (2021; updated 2023),https://doi.org/10.2909/bfe4c237-e378-4a83-ab21-b3807f96c2e2,d7ed5483bfc38804ba9c6039b73e5c75801f7e7e905b8118f55999f1b516744a,CC-BY-4.0
U24,Mediterranean siliceous scree,"Siliceous screes derived from various sedimentary, igneous and metamorphic rocks occurring on lower slopes in the Mediterranean. Rock debris is often mixed with fine soil. Vegetation cover can be completely lacking or consisting only of bryophyte and lichen communities. In most cases, however, these screes support open vegetation of vascular plants, which tends to be poorer in species than Mediterranean calcareous screes. Natural succession is slower than in temperate screes. Screes overgrown with shrublands or forest do not belong to this habitat.","Mediterranean siliceous scree
Siliceous screes derived from various sedimentary, igneous and metamorphic rocks occurring on lower slopes in the Mediterranean. Rock debris is often mixed with fine soil. Vegetation cover can be completely lacking or consisting only of bryophyte and lichen communities. In most cases, however, these screes support open vegetation of vascular plants, which tends to be poorer in species than Mediterranean calcareous screes. Natural succession is slower than in temperate screes. Screes overgrown with shrublands or forest do not belong to this habitat.",EUNIS terrestrial habitat classification review v1 (2021; updated 2023),https://doi.org/10.2909/bfe4c237-e378-4a83-ab21-b3807f96c2e2,d7ed5483bfc38804ba9c6039b73e5c75801f7e7e905b8118f55999f1b516744a,CC-BY-4.0
U25,Boreal and arctic base-rich scree and block field,"Boreal and arctic base-rich screes and block fields comprise talus or freeze-thaw block fields of calcareous rocks in the southern boreal to arctic regions, mainly in the Scandinavian Mountains, Iceland and Svalbard. Because of the considerable variation in climate, the habitat harbours a large diversity of species and plant communities, but it includes only sparse assemblages of vascular plants growing in sparse patches. These are dependent on the natural or semi-natural disturbance regime, periodic rockfall and continuing instability of the substrate in the case of screes, and in some regions also a long tradition of grazing.","Boreal and arctic base-rich scree and block field
Boreal and arctic base-rich screes and block fields comprise talus or freeze-thaw block fields of calcareous rocks in the southern boreal to arctic regions, mainly in the Scandinavian Mountains, Iceland and Svalbard. Because of the considerable variation in climate, the habitat harbours a large diversity of species and plant communities, but it includes only sparse assemblages of vascular plants growing in sparse patches. These are dependent on the natural or semi-natural disturbance regime, periodic rockfall and continuing instability of the substrate in the case of screes, and in some regions also a long tradition of grazing.",EUNIS terrestrial habitat classification review v1 (2021; updated 2023),https://doi.org/10.2909/bfe4c237-e378-4a83-ab21-b3807f96c2e2,d7ed5483bfc38804ba9c6039b73e5c75801f7e7e905b8118f55999f1b516744a,CC-BY-4.0
U26,Temperate high-mountain base-rich scree and moraine,"Calcareous and calcschist screes occurring at high altitudes and cool sites in high mountain ranges through the nemoral zone of Europe. The screes are colonized by mostly perennial basiphilous species, comprising often rich assemblages with many endemic species.","Temperate high-mountain base-rich scree and moraine
Calcareous and calcschist screes occurring at high altitudes and cool sites in high mountain ranges through the nemoral zone of Europe. The screes are colonized by mostly perennial basiphilous species, comprising often rich assemblages with many endemic species.",EUNIS terrestrial habitat classification review v1 (2021; updated 2023),https://doi.org/10.2909/bfe4c237-e378-4a83-ab21-b3807f96c2e2,d7ed5483bfc38804ba9c6039b73e5c75801f7e7e905b8118f55999f1b516744a,CC-BY-4.0
U27,"Temperate, lowland to montane base-rich scree","Screes of mostly coarse, unstabilized material derived from calcareous and dolomitic bedrocks in the lowlands, foothills and sub-montane zone of temperate Europe. Vegetation can be completely lacking, but rock surfaces can have bryophyte and lichen communities and, where crevices accumulate soil, the vascular plant component can be diverse and lush. Natural succession following stabilization of screes allows encroachment of shrubs and trees, vegetation not included in this habitat.","Temperate, lowland to montane base-rich scree
Screes of mostly coarse, unstabilized material derived from calcareous and dolomitic bedrocks in the lowlands, foothills and sub-montane zone of temperate Europe. Vegetation can be completely lacking, but rock surfaces can have bryophyte and lichen communities and, where crevices accumulate soil, the vascular plant component can be diverse and lush. Natural succession following stabilization of screes allows encroachment of shrubs and trees, vegetation not included in this habitat.",EUNIS terrestrial habitat classification review v1 (2021; updated 2023),https://doi.org/10.2909/bfe4c237-e378-4a83-ab21-b3807f96c2e2,d7ed5483bfc38804ba9c6039b73e5c75801f7e7e905b8118f55999f1b516744a,CC-BY-4.0
U28,Western Mediterranean base-rich scree,"Calcareous and ultrabasic scree, with boulders, rock debris and riverine gravel derived from sedimentary and metamorphic rocks, ultramafics and basic volcanics occurring through the western Mediterranean, from lowlands to the high mountains. Epilithic bryophytes and lichens may be very diverse, particularly in the mountains, where they are mostly found in crevices and other shady and humid microsites of immobile boulders. The vascular plant vegetation comprises hemicryptophytes and chamaephytes adapted to the mechanical disturbance caused by scree movements, shortages in water supply and lack of fine-grained soil. The habitat becomes scarcer and more scattered in the foothills and lowlands and more prone to be affected by human disturbances, such as quarrying and infrastructure development. Nevertheless, high mountain screes are usually well preserved in a very natural state.","Western Mediterranean base-rich scree
Calcareous and ultrabasic scree, with boulders, rock debris and riverine gravel derived from sedimentary and metamorphic rocks, ultramafics and basic volcanics occurring through the western Mediterranean, from lowlands to the high mountains. Epilithic bryophytes and lichens may be very diverse, particularly in the mountains, where they are mostly found in crevices and other shady and humid microsites of immobile boulders. The vascular plant vegetation comprises hemicryptophytes and chamaephytes adapted to the mechanical disturbance caused by scree movements, shortages in water supply and lack of fine-grained soil. The habitat becomes scarcer and more scattered in the foothills and lowlands and more prone to be affected by human disturbances, such as quarrying and infrastructure development. Nevertheless, high mountain screes are usually well preserved in a very natural state.",EUNIS terrestrial habitat classification review v1 (2021; updated 2023),https://doi.org/10.2909/bfe4c237-e378-4a83-ab21-b3807f96c2e2,d7ed5483bfc38804ba9c6039b73e5c75801f7e7e905b8118f55999f1b516744a,CC-BY-4.0
U29,Eastern Mediterranean base-rich scree,"Calcareous and ultrabasic screes, with talus, boulder fields, glacier forefields, rock debris and riverine gravel banks, from the lowlands upwards to subnival levels in the eastern Mediterranean. Apart from epilithic bryophytes and lichens on rock outcrops and stable boulders, the vegetation consists mainly of specialist vascular plants adapted to the mobility of scree materials, the scarcity of fine-grained soil, mechanical disturbance, shortage of water and other physiological stresses. Towards the foothills and lowlands, the habitat becomes rarer and more scattered but more prone to be affected by human disturbances, especially in terms of species composition. However, high mountain screes are usually well preserved, most within protected areas, and therefore in a very natural state.","Eastern Mediterranean base-rich scree
Calcareous and ultrabasic screes, with talus, boulder fields, glacier forefields, rock debris and riverine gravel banks, from the lowlands upwards to subnival levels in the eastern Mediterranean. Apart from epilithic bryophytes and lichens on rock outcrops and stable boulders, the vegetation consists mainly of specialist vascular plants adapted to the mobility of scree materials, the scarcity of fine-grained soil, mechanical disturbance, shortage of water and other physiological stresses. Towards the foothills and lowlands, the habitat becomes rarer and more scattered but more prone to be affected by human disturbances, especially in terms of species composition. However, high mountain screes are usually well preserved, most within protected areas, and therefore in a very natural state.",EUNIS terrestrial habitat classification review v1 (2021; updated 2023),https://doi.org/10.2909/bfe4c237-e378-4a83-ab21-b3807f96c2e2,d7ed5483bfc38804ba9c6039b73e5c75801f7e7e905b8118f55999f1b516744a,CC-BY-4.0
U32,Temperate high-mountain siliceous inland cliff,"Siliceous cliffs and rock faces of acidic, mostly Palaeozoic, rocks in the high mountains of the nemoral zone. Slow weathering of these resistant rocks creates few niches for colonisation, and the vascular flora of the crevices and on ledges is rather species-poor but rich in epilithic lichens.","Temperate high-mountain siliceous inland cliff
Siliceous cliffs and rock faces of acidic, mostly Palaeozoic, rocks in the high mountains of the nemoral zone. Slow weathering of these resistant rocks creates few niches for colonisation, and the vascular flora of the crevices and on ledges is rather species-poor but rich in epilithic lichens.",EUNIS terrestrial habitat classification review v1 (2021; updated 2023),https://doi.org/10.2909/bfe4c237-e378-4a83-ab21-b3807f96c2e2,d7ed5483bfc38804ba9c6039b73e5c75801f7e7e905b8118f55999f1b516744a,CC-BY-4.0
U33,"Temperate, lowland to montane siliceous inland cliff","Siliceous rock walls and cliffs in the nemoral region except those in the high mountains and coastal cliffs subject to sea spray. They comprise diverse metamorphic, sedimentary and igneous rocks but also some non-calcareous but more or less base-rich igneous volcanics. The vegetation in the rock fissures and crevices consists of vascular plants such as small ferns, succulents and rosulate herbs, on the rock surface also mosses and hepatics, crustose and foliose lichens, micro-algae and other micro-organisms. Natural succession can lead to scrub and woodland development.","Temperate, lowland to montane siliceous inland cliff
Siliceous rock walls and cliffs in the nemoral region except those in the high mountains and coastal cliffs subject to sea spray. They comprise diverse metamorphic, sedimentary and igneous rocks but also some non-calcareous but more or less base-rich igneous volcanics. The vegetation in the rock fissures and crevices consists of vascular plants such as small ferns, succulents and rosulate herbs, on the rock surface also mosses and hepatics, crustose and foliose lichens, micro-algae and other micro-organisms. Natural succession can lead to scrub and woodland development.",EUNIS terrestrial habitat classification review v1 (2021; updated 2023),https://doi.org/10.2909/bfe4c237-e378-4a83-ab21-b3807f96c2e2,d7ed5483bfc38804ba9c6039b73e5c75801f7e7e905b8118f55999f1b516744a,CC-BY-4.0
U34,Mediterranean siliceous inland cliff,"Siliceous rock walls and cliffs from the lowlands to high mountains in the Mediterranean, formed chiefly of igneous or metamorphic rocks which offer a diversity of niches for colonisation depending on the rock texture, schistosity, moisture content and chemistry. Typically they have cushion or rosulate vascular plants, some of them succulent, ferns and dwarf shrubs, with bryophytes, lichens, epilithic and endolithic micro-organisms.","Mediterranean siliceous inland cliff
Siliceous rock walls and cliffs from the lowlands to high mountains in the Mediterranean, formed chiefly of igneous or metamorphic rocks which offer a diversity of niches for colonisation depending on the rock texture, schistosity, moisture content and chemistry. Typically they have cushion or rosulate vascular plants, some of them succulent, ferns and dwarf shrubs, with bryophytes, lichens, epilithic and endolithic micro-organisms.",EUNIS terrestrial habitat classification review v1 (2021; updated 2023),https://doi.org/10.2909/bfe4c237-e378-4a83-ab21-b3807f96c2e2,d7ed5483bfc38804ba9c6039b73e5c75801f7e7e905b8118f55999f1b516744a,CC-BY-4.0
U36,Temperate high-mountain base-rich inland cliff,"Calcareous or base-rich rock faces and crevices at high altitudes of European mountain ranges in the temperate region. The chasmophytes, dwarf and cushion-like chamaephytes and hemicryptophytes, and numerous fern species and bryophytes, are very well adapted to the extreme habitat conditions, like strong solar radiation, a low water content, high day/night and seasonal temperature fluctuations, strong winds, and the absence of snow cover protection. The soil is in general very poorly developed but can accumulate in crevices. Variation in the vascular flora is high across the continent, and due to geographical isolation and variety in site conditions, numerous relict, endemic, rare and protected species can be found on these cliffs.","Temperate high-mountain base-rich inland cliff
Calcareous or base-rich rock faces and crevices at high altitudes of European mountain ranges in the temperate region. The chasmophytes, dwarf and cushion-like chamaephytes and hemicryptophytes, and numerous fern species and bryophytes, are very well adapted to the extreme habitat conditions, like strong solar radiation, a low water content, high day/night and seasonal temperature fluctuations, strong winds, and the absence of snow cover protection. The soil is in general very poorly developed but can accumulate in crevices. Variation in the vascular flora is high across the continent, and due to geographical isolation and variety in site conditions, numerous relict, endemic, rare and protected species can be found on these cliffs.",EUNIS terrestrial habitat classification review v1 (2021; updated 2023),https://doi.org/10.2909/bfe4c237-e378-4a83-ab21-b3807f96c2e2,d7ed5483bfc38804ba9c6039b73e5c75801f7e7e905b8118f55999f1b516744a,CC-BY-4.0
U37,"Temperate, lowland to montane base-rich inland cliff","Calcareous or base-rich rock faces and crevices of the lowland to montane belts of European mountains in the temperate region. Though conditions are not so severe as at higher altitudes, plant species growing on these rocks are adapted to extreme habitat conditions, such as strong solar radiation, a low water content, strong fluctuations in day/night and seasonal temperature, strong winds, absence of snow cover, and poorly developed soil. Many endemic and rare species occur here.","Temperate, lowland to montane base-rich inland cliff
Calcareous or base-rich rock faces and crevices of the lowland to montane belts of European mountains in the temperate region. Though conditions are not so severe as at higher altitudes, plant species growing on these rocks are adapted to extreme habitat conditions, such as strong solar radiation, a low water content, strong fluctuations in day/night and seasonal temperature, strong winds, absence of snow cover, and poorly developed soil. Many endemic and rare species occur here.",EUNIS terrestrial habitat classification review v1 (2021; updated 2023),https://doi.org/10.2909/bfe4c237-e378-4a83-ab21-b3807f96c2e2,d7ed5483bfc38804ba9c6039b73e5c75801f7e7e905b8118f55999f1b516744a,CC-BY-4.0
U38,Mediterranean base-rich inland cliff,"Cliffs of limestone, calcareous conglomerates and other base-rich rocks in the lowlands to high mountains throughout the Mediterranean basin (excluding salt-sprayed coastal situations). They are characterized by a diverse flora of calcicole perennial vascular plants, often of rosulate, prostrate, succulent and cushion form, tussock grasses, small ferns, dwarf shrubs, shrubs and sometimes woody climbers and small trees, rooted in fissures and crevices. There are also bryophytes, lichens and epi- and endolithic micro-organisms. Towards the foothills and lowlands, the habitat is more prone to be affected by human disturbances, especially its species composition. High-mountain cliffs are usually well preserved, with a high degree of naturalness.","Mediterranean base-rich inland cliff
Cliffs of limestone, calcareous conglomerates and other base-rich rocks in the lowlands to high mountains throughout the Mediterranean basin (excluding salt-sprayed coastal situations). They are characterized by a diverse flora of calcicole perennial vascular plants, often of rosulate, prostrate, succulent and cushion form, tussock grasses, small ferns, dwarf shrubs, shrubs and sometimes woody climbers and small trees, rooted in fissures and crevices. There are also bryophytes, lichens and epi- and endolithic micro-organisms. Towards the foothills and lowlands, the habitat is more prone to be affected by human disturbances, especially its species composition. High-mountain cliffs are usually well preserved, with a high degree of naturalness.",EUNIS terrestrial habitat classification review v1 (2021; updated 2023),https://doi.org/10.2909/bfe4c237-e378-4a83-ab21-b3807f96c2e2,d7ed5483bfc38804ba9c6039b73e5c75801f7e7e905b8118f55999f1b516744a,CC-BY-4.0
U3A,Temperate ultramafic inland cliff,"Warmer south-facing cliffs of ultramafic rocks from the lowlands to the alpine belt of the temperate zone. They have an open cover of a distinctive crevice-rooting flora, mostly annuals, grasses and certain ferns, specialized for the mineral content of the shallow soils. The habitat supports some endemic plants.","Temperate ultramafic inland cliff
Warmer south-facing cliffs of ultramafic rocks from the lowlands to the alpine belt of the temperate zone. They have an open cover of a distinctive crevice-rooting flora, mostly annuals, grasses and certain ferns, specialized for the mineral content of the shallow soils. The habitat supports some endemic plants.",EUNIS terrestrial habitat classification review v1 (2021; updated 2023),https://doi.org/10.2909/bfe4c237-e378-4a83-ab21-b3807f96c2e2,d7ed5483bfc38804ba9c6039b73e5c75801f7e7e905b8118f55999f1b516744a,CC-BY-4.0
U3B,Mediterranean ultramafic inland cliff,"Ultramafic rocks and cliffs away from the coast in the Mediterranean have a very scattered distribution and sustain a sparse but highly distinctive flora of a few ferns, seed plants and cryptogams especially adapted for growing in the fissures and crevices of this specific substrate.","Mediterranean ultramafic inland cliff
Ultramafic rocks and cliffs away from the coast in the Mediterranean have a very scattered distribution and sustain a sparse but highly distinctive flora of a few ferns, seed plants and cryptogams especially adapted for growing in the fissures and crevices of this specific substrate.",EUNIS terrestrial habitat classification review v1 (2021; updated 2023),https://doi.org/10.2909/bfe4c237-e378-4a83-ab21-b3807f96c2e2,d7ed5483bfc38804ba9c6039b73e5c75801f7e7e905b8118f55999f1b516744a,CC-BY-4.0
U3D,Wet inland cliff,"Permanently wet cliffs in temperate and Mediterranean regions, in often highly localized situations, where rock and earth surfaces are kept wet by water trickles, spray splashing and a sunless orientation. The characteristic flora is dominated by shade and moisture-tolerant vascular plants, luxuriant ferns and bryophytes, and green and blue-green algae.","Wet inland cliff
Permanently wet cliffs in temperate and Mediterranean regions, in often highly localized situations, where rock and earth surfaces are kept wet by water trickles, spray splashing and a sunless orientation. The characteristic flora is dominated by shade and moisture-tolerant vascular plants, luxuriant ferns and bryophytes, and green and blue-green algae.",EUNIS terrestrial habitat classification review v1 (2021; updated 2023),https://doi.org/10.2909/bfe4c237-e378-4a83-ab21-b3807f96c2e2,d7ed5483bfc38804ba9c6039b73e5c75801f7e7e905b8118f55999f1b516744a,CC-BY-4.0
U62,"Mediterranean, Macaronesian and temperate volcanic field","Sparsely vegetated volcanic areas of Mediterranean and Macaronesian regions, comprising mostly recently deposited volcanic scoriae (tephra), lava flows or orifices in volcanic areas emitting hot gases and vapours in Italy and the Canary Islands. Intense solar radiation, remarkable daily temperature variations, long-lasting snow-cover and mechanical disturbances caused by strong winds are usual conditions for this habitat type. Large areas are completely unvegetated or only covered by some bryophytes and lichens or a scattered and, on fragmentary soils, a discontinuous cover of a few, vascular plants.","Mediterranean, Macaronesian and temperate volcanic field
Sparsely vegetated volcanic areas of Mediterranean and Macaronesian regions, comprising mostly recently deposited volcanic scoriae (tephra), lava flows or orifices in volcanic areas emitting hot gases and vapours in Italy and the Canary Islands. Intense solar radiation, remarkable daily temperature variations, long-lasting snow-cover and mechanical disturbances caused by strong winds are usual conditions for this habitat type. Large areas are completely unvegetated or only covered by some bryophytes and lichens or a scattered and, on fragmentary soils, a discontinuous cover of a few, vascular plants.",EUNIS terrestrial habitat classification review v1 (2021; updated 2023),https://doi.org/10.2909/bfe4c237-e378-4a83-ab21-b3807f96c2e2,d7ed5483bfc38804ba9c6039b73e5c75801f7e7e905b8118f55999f1b516744a,CC-BY-4.0
